"ping.wow","The message shown before the ping response","wow, you saw this?","wow, vous avez vu ça ?"
"ping.response","ping.response
First param: the response time in milliseconds. ms=milliseconds. The second param will be either ""Normal"" or ""Slow"" depending on the speed of the response","**Response time**: []*ms* - __[]__","**Temps de réponse**: []*ms* - __[]__"
"ping.slow","Shown to describe when ping response is slow. 2nd param of response time","Slow","Lent"
"ping.normal","Shown to describe when ping response is normal. 2nd param of response time","Normal","Normal"
"ping","ping command","ping","ping"
"cmd.help","replaced with the command name | Help inside the command help display embed","[] | Help","[] |Aide"
"cmd.nodesc","","no description is available for this command","pas de description disponible pour cette commande"
"cmd.cooldown","shows the cooldown amount in help, for commands with cooldowns","__cooldown__: [] seconds","__cooldown__: [] secondes"
"cmd.subcommands","the bold Subcommands header above the command arguments","Subcommands","Sous-commandes"
"cmd.flags","the bold heading above command flags","Flags","Flags"
"cmd.examples","The cmd help example heading","Examples","Exemples"
"cmd.example","The cmd help example heading (only 1 example)","Example","Exemple"
"cmd.aliases","The cmd help alias heading","Command aliases: **[]**","Alias de commande: **[]**"
"cooldown.fail","When someone's on cooldown. First param: command name. Second param: user mention. Third param: integer","**[]** > [], you're still on cooldown for [] seconds!","**[]** > [], vous avez toujours un cooldown de [] secondes!"
"cmd.allhelp","","See help for all commands by using /help","Voir toutes les commandes disponible en utilisant /help"
"adminrole","adminrole command","adminrole","roleadmin"
"announce","announce command","announce","annonce"
"clear","clear command","clear","effacer"
"defaultrole","defaultrole command","defaultrole","roledefaut"
"disablecommand","disablecommand command","disablecommand","desactivercommande"
"disablemodule","disablemodule command","disablemodule","desactivermodule"
"joinmessage","joinmessage command","joinmessage","messagearrivee"
"kick","kick command","kick","kick"
"leavemessage","leavemessage command","leavemessage","messagedepart"
"manage","manage command","manage","gerer"
"mute","mute command","mute","mute"
"prefix","prefix command","prefix","prefix"
"unmute","unmute command","unmute","demute"
"2018","2018 (information) command","2018","2018"
"invite","invite command","invite","invite"
"message","message command","message","message"
"patreon","patreon command","patreon","patreon"
"status","status command","status","statut"
"suggest","suggestions command","suggest","suggerer"
"support","support command","support","support"
"website","website command","website","siteweb"
"8ball","8ball command","8ball","8ball"
"coinflip","coinflip command","coinflip","pileouface"
"fml","fml command","fml","fml"
"fortune","fortune (unix) command","fortune","fortune"
"gif","gif (random) command","gif","gif"
"nick","nick command","nick","nick"
"nickme","nickme command","nickme","nickmoi"
"random","random command","random","alea"
"roll","roll command","roll","lancer"
"translate","translate command","translate","traduire"
"urban","urban dictionary command","urban","urban"
"accept","accept command","accept","accepter"
"bet","bet command","bet","pari"
"blackjack","blackjack command","blackjack","blackjack"
"cancel","cancel command","cancel","annuler"
"connect4","connect4 command","connect4","puissance4"
"decline","decline command","decline","refuser"
"gameinvite","gameinvite command","gameinvite","invitejeu"
"gamelist","gamelist command","gamelist","listejeux"
"join","game join command","join","rejoindre"
"leavegame","leave game command","leavegame","quitterjeu"
"slots","slots command","slots","machineasous"
"start","start command","start","commencer"
"tictactoe","tictactoe command","tictactoe","tictactoe"
"trivia","trivia command","trivia","trivia"
"getid","get ids command","getid","obtid"
"help","help command","help","aide"
"online","online command","online","enligne"
"ping","ping command","ping","ping"
"roleinfo","roleinfo command","roleinfo","roleinfo"
"serverinfo","serverinfo command","serverinfo","serveurinfo"
"ulog","user log command","ulog","ulog"
"whois","whois command","whois","quiest"
"daily","daily gold command","daily","paie"
"divorce","divorce command","divorce","divorce"
"marry","marry command","marry","marriage"
"profile","profile command","profile","profil"
"top","top (money) command","top","top"
"clearqueue","clear queue command","clearqueue","effacerliste"
"goto","goto command","goto","allera"
"musiclibrary","music library commands","musiclibrary","biblimusique"
"pause","pause command","pause","pause"
"play","play command","play","jouer"
"playing","now playing command","playing","jouee"
"playlist","playlist command","playlist","playlist"
"queue","queue command","queue","liste"
"removefrom","removefrom command","removefrom","enleverde"
"repeat","repeat command","repeat","repeter"
"resume","resume command","resume","reprendre"
"save","save command","save","sauvegarder"
"skip","skip command","skip","passer"
"songurl","songurl command","songurl","musiqueurl"
"stop","stop command","stop","stop"
"volume","volume command","volume","volume"
"adminrole.description","","manage the Ardent admin role in your server","gérer le rôle qu'Ardent reconnaîtra comme admin sur votre serveur"
"announce.description","","schedule announcements on this server","planifie des annonces sur le serveur"
"clear.description","","clear embeds and messages from a channel","efface les embeds et les messages d'un salon"
"defaultrole.description","","set a role that new members will receive when they join","met un rôle aux nouveaux membres qui rejoignent le serveur"
"disablecommand.description","","prevent a command from being used in this server\nCAVEATS: admin commands, along with /help and /suggest, __cannot__ be disabled","empêche une commande d'être utilisé sur le serveur\nATTENTION: les commandes admin, ainsi que le /help et /suggest, __ne peuvent pas__ être enlevées"
"disablemodule.description","","prevent a module from being used in this server\nCAVEATS: the admin and info modules __cannot__ be disabled","empêche un module d'être utilisé sur le serveur\nATTENTION: les modules admin et info __ne peuvent pas__ être enlevées"
"joinmessage.description","","set a message shown to users when they join","définit un message montré aux utilisateurs quand ils rejoignent"
"kick.description","","kick someone out of the server","expulse quelqu'un du serveur"
"leavemessage.description","","set a message shown when users leave","définit un message montré aux utilisateurs quand ils partent"
"log","log command","log","log"
"log.description","","log important events to a specified channel","recueillir les événements importants à un salon spécifique"
"manage.description","","manage your server using the Ardent dashboard","gérer votre serveur en utilisant le tableau de bord d'Ardent"
"message.description","","message users - for bot developers only :)","envoie un message à un utilisateur- pour les devs seulement :)"
"mute.description","","mute users for a specified period of time","mute des utilisateurs pour une certaine période de temps"
"prefix.description","","see, add or remove a prefix","voir, ajouter ou enlever un prefix"
"unmute.description","","unmute users in your server","unmute des utilisateurs sur le serveur"
"2018.description","","learn about Ardent","à propos d'Ardent"
"invite.description","","invite Ardent to your server!","inviter Ardent sur votre serveur!"
"patreon.description","","help support our monthly hosting costs <3","aidez nous financer nos coûts mensuels d'hébergement"
"status.description","","see realtime statistics about the bot","voir les statistiques en temps réel du bot"
"suggest.description","","suggest something to the Ardent team!","suggérer quelque chose à l'équipe d'Ardent!"
"support.description","","get support - join the Ardent server!","obtenir de l'aide - rejoingnez le serveur d'Ardent!"
"website.description","","get the url for Ardent's website!","obtenir l'URL pour le site d'Ardent!"
"coinflip.description","","let chance decide!","laissons la chance décider!"
"8ball.description","","need an answer to a question? can't decide? ask the Ardent magic 8-ball","vous avez besoin d'une réponse? indécis ? demandez à la boule magique d'Ardent"
"fml.description","","having a bad day or want to laugh at someone else's expense?","vous avez eu une mauvaise journée ou vous voulez rire de quelqu'un ?"
"fortune.description","","get one of those classic unix fortunes!","prenez un de ces cookie de la fortune!"
"gif.description","","shows you a random gif from Giphy","montre un gif aléatoire de Giphy"
"nick.description","","give yourself a nickname. functions exactly the same as /nick on Android","vous donne un surnom. fonctionne comme un /nick"
"nickme.description","","let Ardent give you a cool new randomly-generated nickname!","laissez Ardent vous donner un surnom cool et généré aléatoirement!"
"random.description","","get a random number or option","avoir un nombre ou un choix aléatoire"
"roll.description","","roll a die","lancer un dé"
"translate.description","","translate what you want to say to a different language!","traduire ce que vous avez à dire dans une autre langue!"
"urban.description","","get word definitions from the Urban Dictionary!","des définitions de mots du Dictionnaire Urban!"
"daily.description","","get a daily stipend of between 20 and $500 Ardent currency","obtenir un salaire mensuel compris entre 20 et 500$ monnaie Ardent"
"divorce.description","","your marriage wasn't all you dreamed it would be?","votre mariage n'était pas à la hauteur de vos rêves?"
"marry.description","","marry the discord user of your dreams!","marriez vous à l'utilisateur Discord de vos rêves!"
"profile.description","","see a user's profile","voir le profil d'un utilisateur"
"top.description","","see who has the most money in the Ardent database","voir qui a le plus d'argent dans la base de données d'Ardent"
"musiclibrary.description","","reset, or play from your personal music library","réinitialiser, ou jouer depuis votre propre bibliothèque musicale"
"playlist.description","","create, delete, or play from your saved playlists","créez, supprimez, ou jouez depuis vos playlists sauvegardées"
"clearqueue.description","","clears all songs from the queue","effacer toutes les musiques de la queue"
"goto.description","","use this command to go to a certain point in the currently playing track","utilisez cette commande pour aller à un certain endroit de la musque jouée"
"pause.description","","pauses the music player","met en pause le lecteur musique"
"play.description","","play songs, playlists, or your personal music library!","jouez des musiques, playlists, ou votre propre bibliothèque de musique!"
"playing.description","","shows information about the currently playing track","voir les information sur la musique jouée"
"queue.description","","shows information about the current queue","voir les informations sur la file d'attente actuelle"
"removefrom.description","","remove all the tracks from the mentioned user or users","enlève toute les musiques de ou des utilisateur(s) mentionné(s)"
"repeat.description","","repeat the track that's currently playing","répéter le morceau joué actuellement"
"resume.description","","resumes the music player","remet en route le lecteur de musique"
"save.description","","save the currently playing track to your music library","sauvegarde la musique jouée actuellement dans votre bibliothèque musicale"
"skip.description","","skips the currently playing track","saute le morceau joué actuellement"
"songurl.description","","gets the link for the currently playing track!","obtenir le lien pour le morceau joué actuellement!"
"stop.description","","stop the music player and remove the queue","arrête le lecteur et efface la file d'attente"
"volume.description","","see and change the volume of the player","voir et changer le volume du lecteur"
"getid.description","","get the id of a mentioned role, text channel, or user!","obtenir l'id du rôle/salon/utilisateur mentionné!"
"help.description","","get command help","obtenir l'aide pour les commandes"
"online.description","","see online/offline statistics about other users or see who's online!","voir les statistiques en ligne/déconnecté sur d'autre utilisateurs ou voir qui est connecté!"
"ping.description","","get Ardent's ping","ping Ardent"
"roleinfo.description","","view useful information about roles in this server","voir des informations utiles à propos des rôles sur ce serveur"
"serverinfo.description","","view basic information about this server","voir les informations de ce serveur"
"userinfo.description","","view cool information about your friends","voir des trucs cool sur vos amis"
"userlog.description","","see a list of users' messages that Ardent has logged in channels that you and the user have access to","Voir une liste de messages que Ardent a stocké dans les salons auxquels vous et l'utilisateur avez accès"
"accept.description","","accept an invitation to a game","accepter une invitation pour un jeu"
"cancel.description","","cancel a game in lobby","annuler un jeu dans le lobby"
"decline.description","","decline a pending game invite","décliner une invitation pour un jeu"
"start.description","","manually start a game","commencer une partie manuellement"
"gameinvite.description","","invite people to your game!","invitez des gens à votre jeu!"
"gamelist.description","","display all currently running games","affiche toutes les parties en cours"
"join.description","","join a game in lobby","rejoindre le lobby d'un jeu"
"leave.description","","leave a game you're currently queued for","quitter un jeu pour lequel vous êtes actuellement en attente"
"bet.description","","bet some money - will you be lucky?","parier un peu d'argent - serez-vous chanceux ?"
"blackjack.description","","start a game of blackjack - inside Discord!","commencer une partie de blackjack - sur Discord !"
"connect4.description","","play connect 4 - inside Discord!","jouer une partie de puissance4 - sur Discord !"
"slots.description","","start slots games!","commencer une partie de machine à sous!"
"tictactoe.description","","start a game of Tic Tac Toe - inside Discord!","commencer une partie de Morpion - sur Discord !"
"trivia.description","","start a game of trivia","commencer une partie de trivial"
"adminrole.arguments.set","set the admin role, argument","set","regler"
"adminrole.arguments.set.description","","set the Ardent admin role in your server","choisir le rôle qu'Ardent va reconnaître comme admin"
"adminrole.arguments.remove","","remove","enlever"
"adminrole.arguments.remove.description","","removes the currently set role from being the admin role","enlève le rôle actuel réglé en tant qu'admin"
"adminrole.arguments.audit","","audit","voir"
"adminrole.arguments.audit.description","","see what's set as the admin role (and who has that role)","voir quel est le rôle mis en tant qu'admin (et qui a ce rôle)"
"trivia.arguments.solo","","solo","solo"
"trivia.arguments.solo.description","","start a solo trivia game","commencer une partie solo de trivial"
"trivia.arguments.multi","","multiplayer","multijoueur"
"trivia.arguments.multi.description","","start a multiplayer trivia game","commencer une partie multijoueur de trivial"
"top.arguments.server","","server","serveur"
"top.arguments.server.description","","compare the top earners in your server","comparer ceux qui ont les meilleurs revenus sur votre serveur"
"top.arguments.all","","all","tout"
"top.arguments.all.description","","compare the top earners out of all Ardent users!","comparer ceux qui ont les meilleurs revenus parmi tous les utilisateurs d'Ardent!"
"profile.arguments.help","","help","aide"
"profile.arguments.help.description","","see how to edit your profile","voir comment éditer votre profil"
"online.arguments.stats","","stats","stats"
"online.arguments.stats.description","","see online/offline statistics about a member. if no user is mentioned, your own stats will be displayed","voir les statistiques en ligne/déconnecté d'un membre. Si aucun utilisateur n'est mentionné, ce seront vos stats qui seront affichées"
"online.arguments.server","","server","serveur"
"online.arguments.server.description","","see status statistics about members in this server. if /online server admins is specified, only their statistics will be shown, otherwise the server's will.","see status statistics about members in this server. if /online server admins is specified, only their statistics will be shown, otherwise the server's will."
"online.arguments.types","","types","types"
"online.arguments.types.description","","see the possible Discord statuses","voir les différents statuts Discord possible"
"online.arguments.stats.readable","online.arguments.stats.readable
","stats @User","stats @Utilisateur"
"disablecommand.arguments.add","","add","ajouter"
"disablecommand.arguments.add.readable","","add [command]","ajouter [commande]"
"disablecommand.arguments.add.description","","add a command to the disabled commands list","ajouter une commande à la liste des commande désactivées"
"disablecommand.arguments.remove","","remove","enlever"
"disablecommand.arguments.remove.readable","","remove [command]","enlever [commande]"
"disablecommand.arguments.remove.description","","remove a command from the disabled commands list","enlever une commande de la liste des commande désactivées"
"disablecommand.arguments.list","","list","liste"
"disablecommand.arguments.list.description","","list all the currently disabled commands in this server","voir la liste de toutes les commandes désactivées sur ce serveur"
"mute.arguments.list","","list","liste"
"mute.arguments.list.description","","list all current mutes","montre les mutes actuels"
"mute.arguments.removerole","","removerole","enleverrole"
"mute.arguments.removerole.description","","remove the set mute role","supprime le rôle qui mute les personnes"
"mute.arguments.user.readable",""," @User time","@Utilisateur temps"
"mute.arguments.user.description","","mention the user you want to mute and the time to mute for: Time modifiers: d (days), h (hours), m (minutes)","mentionnez l'utilisateur que vous voulez mute et puis la durée: unité de temps: d (jours), h (heures), m (minutes)"
"leavemessage.arguments.params","","params","params"
"leavemessage.arguments.params.description","","see what special parameters you can use in your leave message!","voir quels paramètres spéciaux vous pouvez utiliser dans vos messages de départ!"
"leavemessage.arguments.set","","set","regler"
"leavemessage.arguments.set.readable","","set [message]","regler [message]"
"leavemessage.arguments.set.description","","set the leave message.","régler le message de départ."
"leavemessage.arguments.removechannel","","remove channel","enlever le salon"
"leavemessage.arguments.removechannel.description","","remove the set leave message channel","supprimer le message de départ enregistré"
"leavemessage.arguments.view","","view","voir"
"leavemessage.arguments.view.description","","view the current message parameters","voir le message actuel paramétré"
"leavemessage.arguments.remove","","remove message","enlever message"
"leavemessage.arguments.remove.description","","remove the set leave message","enlève le message de départ"
"leavemessage.arguments.channel","","channel","salon"
"leavemessage.arguments.channel.readable","","channel [mentioned channel or name]","canal [canal mentionné ou nom]"
"leavemessage.arguments.channel.description","","set the channel where you want leave messages to be sent","choisir le channel où vous voulez envoyer le message de départ"
"disablemodule.arguments.add","","add","ajouter"
"disablemodule.arguments.add.readable","","add [module]","ajouter [module]"
"disablemodule.arguments.add.description","","add a module to the disabled modules list","ajouter un module à la liste des modules désactivés"
"disablemodule.arguments.remove","","remove","retirer"
"disablemodule.arguments.remove.readable","","remove [module]","retirer [module]"
"disablemodule.arguments.remove.description","","remove a module from the disabled commands list","retirer un module de la liste des modules désactivés"
"disablemodule.arguments.list","","list","liste"
"disablemodule.arguments.list.description","","list all the currently disabled modules in this server","voir la liste de tous les modules désactivés sur ce serveur"
"defaultrole.arguments.view","","view","view"
"defaultrole.arguments.view.description","","view the currently-set default role and how many people have it","view the currently-set default role and how many people have it"
"defaultrole.arguments.set","","set","set"
"defaultrole.arguments.set.readable","","set [role name or mention]","set [role name or mention]"
"defaultrole.arguments.set.description","","set the default role for this server","définir le rôle par défaut pour ce serveur"
"defaultrole.arguments.remove","","remove","retirer"
"defaultrole.arguments.remove.description","","remove the set default role","retirer le rôle par défaut"
"prefix.arguments.add","","add","ajouter"
"prefix.arguments.add.readable","","add [prefix name]","add [prefix name]"
"prefix.arguments.add.description","","add a new prefix for Ardent","ajouter un nouveau préfixe pour Ardent"
"prefix.arguments.remove","","remove","retirer"
"prefix.arguments.remove.readable","","remove [existing prefix]","retirer [préfixe existant]"
"prefix.arguments.remove.description","","remove an existing prefix for Ardent","retirer un préfixe existant pour Ardent"
"prefix.arguments.list","","list","liste"
"prefix.arguments.list.description","","list all current Ardent prefixes for this server","affiche la liste de tous les préfixes d'Ardent pour ce serveur"
"announce.arguments.params","","params","paramètres"
"announce.arguments.params.description","","get a list of parameters you can use when creating announcements","obtenir une liste des paramètres, que vous pouvez utiliser lorsque vous créez des annonces"
"announce.arguments.create","","create","créer"
"announce.arguments.create.description","","create a new announcement","créer une nouvelle annonce"
"announce.arguments.edit","","edit","modifier"
"announce.arguments.edit.readable","","edit [number]","modifier [nombre]"
"announce.arguments.edit.description","","edit an existing announcement. number comes from /announce list","edit an existing announcement. number comes from /announce list"
"announce.arguments.remove","","remove","remove"
"announce.arguments.remove.readable","","remove [number]","retirer [nombre]"
"announce.arguments.remove.description","","remove an existing announcement","supprimer une annonce existante"
"announce.arguments.list","","list","list"
"announce.arguments.list.description","","see a list of active announcements in this server","voir la liste des annonces actives sur ce serveur"
"announce.arguments.info","","info","info"
"announce.arguments.info.readable","","info [number]","info [number]"
"announce.arguments.info.description","","view detailed information about a specific announcement","afficher des informations détaillées d'une annonce spécifique"
"announce.arguments.trigger","","trigger","trigger"
"announce.arguments.trigger.readable","","trigger [number]","trigger [number]"
"announce.arguments.trigger.description","","send the specified announcement now","envoyer l'annonce spécifiée maintenant"
"joinmessage.arguments.params","","params","params"
"joinmessage.arguments.params.description","","see what special parameters you can use in your join message!","voir quels paramètres spéciaux vous pouvez utiliser dans vos messages d'arrivée!"
"joinmessage.arguments.set","","set","set"
"joinmessage.arguments.set.readable","","set [message]","set [message]"
"joinmessage.arguments.set.description","","set the join message.","régler le message d'arrivée."
"joinmessage.arguments.removechannel","","remove channel","retirer le channel"
"joinmessage.arguments.removechannel.description","","remove the set join message channel","remove the set join message channel"
"joinmessage.arguments.view","","view","view"
"joinmessage.arguments.view.description","","view the current message parameters","view the current message parameters"
"joinmessage.arguments.remove","","remove message","remove message"
"joinmessage.arguments.remove.description","","remove the set join message","remove the set join message"
"joinmessage.arguments.channel","","channel","channel"
"joinmessage.arguments.channel.readable","","channel [mentioned channel or name]","channel [mentioned channel or name]"
"joinmessage.arguments.channel.description","","set the channel where you want join messages to be sent","set the channel where you want join messages to be sent"
"musiclibrary.arguments.view","","view","view"
"musiclibrary.arguments.view.description","","view your music library","view your music library"
"musiclibrary.arguments.play","","play","play"
"musiclibrary.arguments.play.description","","play tracks from your library","play tracks from your library"
"musiclibrary.arguments.add","","add","add"
"musiclibrary.arguments.add.readable","","add [song name or url]","add [song name or url]"
"musiclibrary.arguments.add.description","","add a song to your music library","add a song to your music library"
"musiclibrary.arguments.remove","","remove","remove"
"musiclibrary.arguments.remove.description","","remove songs from your library","remove songs from your library"
"musiclibrary.arguments.reset","","reset","reset"
"musiclibrary.arguments.reset.description","","remove all existing tracks in your music library (start from scratch)","remove all existing tracks in your music library (start from scratch)"
"musiclibrary.arguments.import","","import","import"
"musiclibrary.arguments.import.description","","import your Spotify song library","import your Spotify song library"
"playlist.arguments.play","","play","play"
"playlist.arguments.play.readable","","play [playlist id]","play [playlist id]"
"playlist.arguments.play.description","","start playback of a playlist","start playback of a playlist"
"playlist.arguments.list","","list","list"
"playlist.arguments.list.readable","","list @User","list @User"
"playlist.arguments.list.description","","list a user's playlists","list a user's playlists"
"playlist.arguments.view","","view","view"
"playlist.arguments.view.readable","","view [playlist id]","view [playlist id]"
"playlist.arguments.view.description","","get an overview of the specified playlist","get an overview of the specified playlist"
"playlist.arguments.delete","","delete","delete"
"playlist.arguments.delete.readable","","delete [playlist id]","delete [playlist id]"
"playlist.arguments.delete.description","","delete a playlist","delete a playlist"
"playlist.arguments.create","","create","create"
"playlist.arguments.create.description","","create a new playlist","créer une nouvelle playlist"
"roll.flags.sides.accepted","","side count","side count"
"roll.flags.sides.description","","set the amount of sides the rolled die should have (default 6)","choisir le nombre de faces que le dés aura (6 par défaut)"
"roll.flags.number.accepted","","# of times to roll","# de lancés"
"roll.flags.number.description","","set how many times you'd like to roll the die","choisir combien de fois vous voulez lancer le dé"
"roll.flags.default.description","","use default settings (6-sided die, 1 roll)","utiliser les paramètres par défaut (dés à 6 faces, 1 lancé)"
"random.flags.number.accepted","","number","number"
"random.flags.number.description","","select a random number between 1 and the specified number","tir un nombre aléatoire entre 1 et le nombre spécifié"
"random.flags.options.accepted","","**quote-separated list of options**. e.g. /random -options ""one"" ""two""","**quote-separated list of options**. e.g. /random -options ""one"" ""two"""
"random.flags.options.description","","select a random option given a list","select a random option given a list"
"online.flags.type.accepted","","status type","status type"
"online.flags.type.description","","specify a status to filter by - only available for /online server - view all types with /online types","specify a status to filter by - only available for /online server - view all types with /online types"
"online.flags.role.accepted","","role name","nom du rôle"
"online.flags.role.description","","filter by role - only available with /online server!","filter by role - only available with /online server!"
"mute.flags.reason.accepted","","mute reason","raison du mute"
"mute.flags.reason.description","","optionally specify a reason for the mute","préciser optionnellement une raison de mute"
"clear.flags.user.accepted",""," @User"," @User"
"clear.flags.user.description","","clear messages from a specific user","supprimer les messages d'un utilisateur spécifique"
"clear.flags.number.accepted","","# of messages to delete (2-100)","# de messages à supprimer (2-100)"
"clear.flags.number.description","","specify an amount of messages to clear (default 10)","spécifier le nombre de messages à supprimer (10 par défaut)"
"clear.flags.channel.accepted","","channel mention (#channel)","channel mention (#channel)"
"clear.flags.channel.description","","clear messages in a specific channel","supprimer les messages d'un channel spécifique"
"clear.flags.default.description","","clear the last 10 messages in the current channel","supprimer les 10 derniers messages du channel courant"
"name","a user's name. for use in subcommands (one word)","name","nom"
"profile.from","from heading - profile","from","from"
"spotify","","spotify","spotify"
"language","for use in profiles. One word","",""
"languages","for use in profiles. One word","",""
"whois.description","","Learn about other users","Learn about other users"
"ulog.description","","Audit a user's messages","Audit a user's messages"
"leavegame.description","","Leave a game in lobby","Leave a game in lobby"
"general.specify_channel","","You need to specify a valid channel name or mention","Vous devez spécifier un nom de channel valide ou le mentionner"
"general.specifyrole","","You need to specify a role!","Vous devez spécifier un rôle!"
"general.norolefound","","No role with that name was found","Aucun rôle trouvé avec ce nom"
"adminrole.updated","","Updated the admin role to []","Le rôle administrateur est maintenant []"
"adminrole.warning","","An administrator must update the roles of anyone with the previous admin role","Un administrateur doit mettre à jour les rôles de ceux qui ont le précédent rôle administrateur"
"adminrole.removed","","Removed the admin role","Supprimer le rôle administrateur"
"adminrole.adminrole","","Admin Role","Rôle administrateur"
"adminrole.current","","The current admin role is: **[]**","Le rôle administrateur actuel est : **[]**"
"adminrole.userswithcurrent","","Currently, these are the users with the admin role: []","Actuellement, les administrateurs sont : []"
"getid.response","","The Discord id of **[]** is: **[]**","L'id Discord de **[]** est : **[]**"
"getid.default","","Your Discord id is **[]**. Get a role, channel, or user's id by mentioning it!","Your Discord id is **[]**. Get a role, channel, or user's id by mentioning it!"
"help.nocommandwithname","","I couldn't find a command with the name **[]**","I couldn't find a command with the name **[]**"
"help.moduleisdisabled","","Your server administrators have chosen to disable the **[]** module in Ardent","Your server administrators have chosen to disable the **[]** module in Ardent"
"help.module_help","","Module Help","Module Help"
"help.command_list","","Commands","Commands"
"help.no_description_available","","no description available for this command","no description available for this command"
"help.command_aliases","","aliases: []","aliases: []"
"help.no_module_with_name","","I couldn't find a module by that name","I couldn't find a module by that name"
"help.embed_title","","Ardent | Command Overview","Ardent | Command Overview"
"help.whats_new","","To learn what's *changed*, *been improved* and what **flags** and **arguments** are, type _ardent 2018_","To learn what's *changed*, *been improved* and what **flags** and **arguments** are, type _ardent 2018_"
"help.modules","","Modules","Modules"
"help.gethelp","","To get help on a specific command, type _/help **command**_.","To get help on a specific command, type _/help **command**_."
"help.see_module","","To see a module's commands, type _/help -m **module**_","To see a module's commands, type _/help -m **module**_"
"online.embed_title","","Discord Status Types | Ardent","Discord Status Types | Ardent"
"online.types","","**Name** | **Flag argument**","**Name** | **Flag argument**"
"online.type_online","","Online: *[]*","Online: *[]*"
"online.type_offline","","Offline: *[]*","Offline: *[]*"
"online.type_dnd","","Do Not Disturb: *[]*","Do Not Disturb: *[]*"
"online.type_idle","","Idle: *[]*","Idle: *[]*"
"online.type_unknown","","Unknown: *[]*","Unknown: *[]*"
"online.status_info","","Status Information | []","Status Information | []"
"online.current_status","First argument: status. Second: time with that status","**Current Status**: *[]*, for *[]*","**Current Status**: *[]*, for *[]*"
"online.previous_status","First argument: status. Second: time with that status","**Previous Status**: *[]*, for *[]*","**Previous Status**: *[]*, for *[]*"
"online.total_tracked_time","","Total tracked time: **[]**","Total tracked time: **[]**"
"online.aware_info","","I'm aware of []'s last **[]** status updates","I'm aware of []'s last **[]** status updates"
"online.online_str","","Online","Online"
"online.dnd_str","","Do Not Disturb","Do Not Disturb"
"online.idle_str","","Idle","Idle"
"online.offline_str","","Offline","Offline"
"general.members","Used whenever we need to add the word member onto the end of a string","members","members"
"online.admins_status_title","","Admins' Online Status | []","Admins' Online Status | []"
"online.see_member_stats","","See a specific member's online statistics with */online stats @User*","See a specific member's online statistics with */online stats @User*"
"online.admins_count","Appended after the number of admins with a certain status","admins have this status","admins have this status"
"online.status_embed","","Online Status | []","Online Status | []"
"general.need_to_mention_role","","You need to mention or enter the name of a role!","You need to mention or enter the name of a role!"
"roleinfo.embed_title","","[] | Role Info","[] | Role Info"
"roleinfo.num_with_role","","# with role","# with role"
"roleinfo.id","","Role ID","Role ID"
"roleinfo.creation","","Creation Date","Creation Date"
"roleinfo.permissions","","Permissions","Permissions"
"serverinfo.embed_title","","[] | Server Info","[] | Server Info"
"serverinfo.num_members","","Number of members","Number of members"
"serverinfo.online","","Online users","Online users"
"general.prefixes","","Prefixes","Prefixes"
"serverinfo.admin_role","","Admin Role","Admin Role"
"serverinfo.owner","","Owner","Owner"
"serverinfo.creation","","Creation Date","Creation Date"
"serverinfo.num_voice","","# of Voice Channels","# of Voice Channels"
"serverinfo.num_text","","# of Text Channels","# of Text Channels"
"serverinfo.num_roles","","# of Roles","# of Roles"
"serverinfo.region","","Region","Region"
"serverinfo.verification_level","","Verification Level","Verification Level"
"general.none","","None","None"
"general.not_set","","Not set!","Not set!"
"userinfo.too_broad","","10 or more users containing this query were found. Please be more specific or tag them","10 or more users containing this query were found. Please be more specific or tag them"
"userinfo.select_user","","Select which user you want","Select which user you want"
"general.specify_or_mention_user","","You need to specify the name of a user or mention them","You need to specify the name of a user or mention them"
"userinfo.embed_title","","[] | User Information","[] | User Information"
"userinfo.name","","Name","Name"
"userinfo.nickname","","Nickname","Nickname"
"userinfo.status","","Status","Status"
"userinfo.join_date","","Server Join Date","Server Join Date"
"userinfo.days_in_guild","","Days in Server","Days in Server"
"general.roles","","Roles","Roles"
"userinfo.account_creation_date","","Account Creation Date","Account Creation Date"
"ulog.generating","","Generating a user message log in the channels you both have access to.. check for a private message in a few seconds","Generating a user message log in the channels you both have access to.. check for a private message in a few seconds"
"ulog.generated_dump","","Generated a dump of all found messages at [].","Generated a dump of all found messages at []."
"ulog.warning","","Be careful when sharing this link. You only have access to a log in the channels you share access to with the user, but anyone can see this log if you share it.","Be careful when sharing this link. You only have access to a log in the channels you share access to with the user, but anyone can see this log if you share it."
"daily.collect","","You collected $[]!","You collected $[]!"
"daily.use_later","","You'll be able to use this again at []","You'll be able to use this again at []"
"marriage.not_married","","You're not married!","You're not married!"
"divorce.confirm","divorce.confirm
","Are you sure you want to divorce that person? If you do, there's a 50% chance that 50% of your assets will be transferred to your ex. Type `yes` to confirm or `no` to cancel.","Are you sure you want to divorce that person? If you do, there's a 50% chance that 50% of your assets will be transferred to your ex. Type `yes` to confirm or `no` to cancel."
"yes","represents yes in responses","yes","yes"
"no","respresents no in responses","no","no"
"divorce.now_single","","You're now single.","You're now single."
"divorce.asset_transfer","","Unlucky! Half of your assets were transferred to your ex.","Unlucky! Half of your assets were transferred to your ex."
"canceling","","Canceling..","Canceling.."
"marry.rejected","","Ouch.. [] rejected you","Ouch.. [] rejected you"
"marry.now_married","","Congrats! You're now married","Congrats! You're now married"
"marry.illegal_state","","Illegal state.. is someone now married?","Illegal state.. is someone now married?"
"marry.accept","","Do you want to accept this proposal?","Do you want to accept this proposal?"
"marry.proposal_message","","[], [] is now proposing to you!","[], [] is now proposing to you!"
"marry.just_why","","Just.. why?","Just.. why?"
"marry.already_married","","**[]** is already married!","**[]** is already married!"
"marry.no_polygamy","","Polygamy isn't allowed","Polygamy isn't allowed"
"marry.no_marry_bot","","You can't marry a bot, but nice try! As for me, I'll forever love Adam.","You can't marry a bot, but nice try! As for me, I'll forever love Adam."
"marry.how_to","","You can marry someone with */marry @User*!","You can marry someone with */marry @User*!"
"marry.current","","You're married to **[]**!","You're married to **[]**!"
"marry.warning","","You can divorce them with */divorce*, but be aware: if you initiate a divorce, **50%** of your money may go to the divorcé","You can divorce them with */divorce*, but be aware: if you initiate a divorce, **50%** of your money may go to the divorcé"
"unknown","","unknown","unknown"
"page","","Page []","Page []"
"top.global","","Global Money Leaderboards","Global Money Leaderboards"
"top.local","","[]'s Money Leaderboards","[]'s Money Leaderboards"
"coinflip.flipping","","Flipping a coin now..","Flipping a coin now.."
"coinflip.result","","Flipped a coin. Result: **[]**","Flipped a coin. Result: **[]**"
"coinflip.heads","","Heads","Heads"
"coinflip.tails","","Tails","Tails"
"8ball.no","","How dare you try to ask the 8-ball an empty question?","How dare you try to ask the 8-ball an empty question?"
"permission","","Hmm.. make sure I have permission to []","Hmm.. make sure I have permission to []"
"nick.permission","","change nicknames","change nicknames"
"nickme.changed","","[], your nickname is now **[]**","[], your nickname is now **[]**"
"nickme.however","","However, the generated name is **[]**","However, the generated name is **[]**"
"nickme.exception","","Unable to set your nickname. Due to Discord limitations, I cannot set the nickname of the server owner or members with a higher role than myself.","Unable to set your nickname. Due to Discord limitations, I cannot set the nickname of the server owner or members with a higher role than myself."
"ud.404","","No results found for this search query","No results found for this search query"
"ud.embed_title","","Top Urban Dictionary Definition for []","Top Urban Dictionary Definition for []"
"ud.definition","","Definition","Definition"
"ud.thumbs_up","","Thumbs Up","Thumbs Up"
"ud.thumbs_down","","Thumbs Down","Thumbs Down"
"ud.author","","Author","Author"
"ud.permalink","","Permalink","Permalink"
"translate.embed_title","","Language list | Translate","Language list | Translate"
"translate.language_list","","You can go to our [language list]([]) to see a full list of supported languages.","You can go to our [language list]([]) to see a full list of supported languages."
"translate.common","","Common languages: English (en), French (fr), Spanish (es), Russian (ru), German (de)","Common languages: English (en), French (fr), Spanish (es), Russian (ru), German (de)"
"translate.invalid_language","","You need to specify a valid language to translate to. Type **/translate list** to get a list of supported languages.","You need to specify a valid language to translate to. Type **/translate list** to get a list of supported languages."
"translate.e","","**Example**: /translate *[]*","**Example**: /translate *[]*"
"translate.response","","**Translation:** []","**Translation:** []"
"roll.rolling","","Rolling a die","Rolling a die"
"roll.result","","Rolled a []-sided die. Result: **[]**","Rolled a []-sided die. Result: **[]**"
"roll.embed_title","","Roll | []-sided die","Roll | []-sided die"
"random.specify_valid_number","","You need to specify a valid number","You need to specify a valid number"
"general.need_positive_number","","You must specify a positive number!","You must specify a positive number!"
"random.chosen_number","","Your number is: **[]**","Your number is: **[]**"
"random.chosen_option","","Your chosen option is: **[]**","Your chosen option is: **[]**"
"random.specify_valid_options","","You need to specify at least 2 options in the format: **/random options ""one"" ""two”**","You need to specify at least 2 options in the format: **/random options ""one"" ""two”**"
"invite.response","","You can invite me by going to [] - thanks for using Ardent!","You can invite me by going to [] - thanks for using Ardent!"
"patreon.response","","Want to support our work and get recognized for it? Pledge a few dollars a month at []","Want to support our work and get recognized for it? Pledge a few dollars a month at []"
"website.response","","Go to our website at []","Go to our website at []"
"support.response","","Need help? Something not working? Join our support server @ []","Need help? Something not working? Join our support server @ []"
"suggest.more_arguments","","Please send a suggestion to the Ardent team! *10 words minimum*","Please send a suggestion to the Ardent team! *10 words minimum*"
"suggest.response","","Suggestion sent! Join our server to get updates and hang out @ []","Suggestion sent! Join our server to get updates and hang out @ []"
"status.embed_title","","Status | Ardent","Status | Ardent"
"status.loaded_commands","","Loaded Commands","Loaded Commands"
"status.messages_received","","Messages Received","Messages Received"
"status.commands_received","","Commands Received","Commands Received"
"servers","","Servers","Servers"
"users","","Users","Users"
"status.loaded_music_players","","Loaded Music Players","Loaded Music Players"
"status.cpu","","CPU Usage","CPU Usage"
"status.ram","","RAM Usage","RAM Usage"
"status.uptime","","Uptime","Uptime"
"status.servers_only_bot","","Servers w/Ardent as only bot","Servers w/Ardent as only bot"
"status.website","","Website","Website"
"accept.ingame","","You can't join another game until you leave the game you're currently in","You can't join another game until you leave the game you're currently in"
"accept.need_invite","","You must be invited by the creator of a game to join!","You must be invited by the creator of a game to join!"
"games.not_creator_in_lobby","","You're not the creator of a game in lobby!","You're not the creator of a game in lobby!"
"cancel.keep_in_lobby","","I'll keep the game in lobby","I'll keep the game in lobby"
"games.current_lobby","","Current players in lobby: *[]*","Current players in lobby: *[]*"
"cancel.confirmation","","Are you sure you want to cancel your __[]__ game? Type **yes** if so or **no** if you're not sure.","Are you sure you want to cancel your __[]__ game? Type **yes** if so or **no** if you're not sure."
"decline.response","","[] declined an invite to **[]**'s game of **[]**","[] declined an invite to **[]**'s game of **[]**"
"decline.no_pending","","You don't have a pending invite to decline!","You don't have a pending invite to decline!"
"start.only_one","","You can't force start a game with only **1** person!","You can't force start a game with only **1** person!"
"gameinvite.public","","You don't need to invite people to a public game! Everyone can join","You don't need to invite people to a public game! Everyone can join"
"games.joined","","**[]** has joined **[]**'s game of []","**[]** has joined **[]**'s game of []"
"gameinvite.expired","","[], your invite to **[]**'s game has expired after [] seconds.","[], your invite to **[]**'s game has expired after [] seconds."
"gameinvite.has_invite","","You can't invite a member who already has a pending invite!","You can't invite a member who already has a pending invite!"
"gameinvite.already_in","","This person is already in a lobby or ingame!","This person is already in a lobby or ingame!"
"gameinvite.response","","[], you're being invited by [] to join a game of **[]**! Type */accept* to accept this invite and join the game or decline by typing */decline*","[], you're being invited by [] to join a game of **[]**! Type */accept* to accept this invite and join the game or decline by typing */decline*"
"gamelist.embed_title","","Games in Lobby","Games in Lobby"
"gamelist.info","","Red means that the game is in lobby, Blue if it's currently ingame","Red means that the game is in lobby, Blue if it's currently ingame"
"gamelist.no_games","","There are no games in lobby or ingame right now. Type */help games* to see a list of game commands","There are no games in lobby or ingame right now. Type */help games* to see a list of game commands"
"join.id","","You need to include a Game ID! Example: **/join #123456**","You need to include a Game ID! Example: **/join #123456**"
"join.no_game","","There's not a game in lobby with the ID of **#[]**","There's not a game in lobby with the ID of **#[]**"
"games.cant_leave_own","","You can't leave a game you've started! If you want to cancel the game, type **/cancel**","You can't leave a game you've started! If you want to cancel the game, type **/cancel**"
"games.not_in_lobby","","You're not in a game lobby!","You're not in a game lobby!"
"leavegame.response","","[], you successfully left **[]**'s game","[], you successfully left **[]**'s game"
"clear.invalid_num","","You specified an invalid number of messages to clear. Must be between 2 and 100!","You specified an invalid number of messages to clear. Must be between 2 and 100!"
"clear.no_found","","No message matching your specification was found","No message matching your specification was found"
"clear.response","","Cleared [] messages in []","Cleared [] messages in []"
"clear.no_permission","","I can't remove those messages. Please make sure I have the `Message Manage` permission!","I can't remove those messages. Please make sure I have the `Message Manage` permission!"
"general.update","","You set the [] to: **[]**\nPrevious: **[]**","You set the [] to: **[]**\nPrevious: **[]**"
"defaultrole.defaultrole","","default role","default role"
"defaultrole.footer","","If you enjoy Ardent, join our hub server! Type /hub or /support!","If you enjoy Ardent, join our hub server! Type /hub or /support!"
"defaultrole.created","","Default role created","Default role created"
"defaultrole.assigned","","Assigned **[]** members to the default role","Assigned **[]** members to the default role"
"defaultrole.creating","","Created default role **[]**. Assigning users now.. (this may take a while)","Created default role **[]**. Assigning users now.. (this may take a while)"
"defaultrole.title","","Ardent Helpers | Auto Assign","Ardent Helpers | Auto Assign"
"defaultrole.prompt","","**Ardent Helpers** > Would you like to assign members with no roles to this role?","**Ardent Helpers** > Would you like to assign members with no roles to this role?"
"general.cant_find_role","","I couldn't find a role with that name. Please try again","I couldn't find a role with that name. Please try again"
"defaultrole.warning","","I don't have the `Manage Roles` permission, so I cannot administer the default role!","I don't have the `Manage Roles` permission, so I cannot administer the default role!"
"defaultrole.defaultrole_capitalized","","Default Role","Default Role"
"general.specify_valid_command","","You need to specify a valid command. Use /help for a complete list","You need to specify a valid command. Use /help for a complete list"
"disablecommand.cannot_disable","","You cannot disable this command.","You cannot disable this command."
"disablecommand.disabled","","Disabled the **[]** command","Disabled the **[]** command"
"disablecommand.re-enable","","Re-enabled the **[]** command","Re-enabled the **[]** command"
"disablecommand.no_disabled","","This command hasn't been disabled!","This command hasn't been disabled!"
"disablemodule.title","disablecommand.title
","Disabled commands | []","Disabled commands | []"
"disablemodule.row","","**[]** - disabled *[]* by __[]__","**[]** - disabled *[]* by __[]__"
"disablemodule.already_disabled","","This module has already been disabled!","This module has already been disabled!"
"disablemodule.no_modules_disabled","","There are no disabled modules!","There are no disabled modules!"
"general.non_existant_page","","That's a non-existant page!","That's a non-existant page!"
"disablemodule.cannot_disable","","You cannot disable this module.","You cannot disable this module."
"disablemodule.disabled","","Disabled the **[]** module","Disabled the **[]** module"
"disablemodule.re-enable","","Re-enabled the **[]** module","Re-enabled the **[]** module"
"disablemodule.no_disabled","","This module hasn't been disabled!","This module hasn't been disabled!"
"disablemodule.title","","Disabled modules | []","Disabled commands | []"
"disablemodule.already_disabled","","This module has already been disabled!","This module has already been disabled!"
"disablemodule.no_modules_disabled","","There are no disabled modules!","There are no disabled modules!"
"general.specify_valid_module","","You need to specify a valid command. Use /help for a complete list","You need to specify a valid command. Use /help for a complete list"
"general.module_disabled","","Your server administrators have chosen to disable the **[]** module in Ardent","Your server administrators have chosen to disable the **[]** module in Ardent"
"general.command_disabled","","Your server administrators have chosen to disable the **[]** command in Ardent","Your server administrators have chosen to disable the **[]** command in Ardent"
"general.error_message","","Oh no! There was an exception running your command. The error message is: []. The developers have been alerted","Oh no! There was an exception running your command. The error message is: []. The developers have been alerted"
"general.error_redirect","","To learn more, join [] and mention this error message","To learn more, join [] and mention this error message"
"error.message_send","","I was unable to send [] response to [] in **[]**","I was unable to send [] response to [] in **[]**"
"error.an_embed","","an embed","an embed"
"error.a_message","","a message","a message"
"error.channel","","this private channel","this private channel"
"error.guild","","that server","that server"
"error.cant_send_generic","","I don't have permission to send that in []!","I don't have permission to send that in []!"
"sender.choose","","Please select **OR** type the number corresponding with the choice that you'd like to select or select **X** to cancel","Please select **OR** type the number corresponding with the choice that you'd like to select or select **X** to cancel"
"sender.invalid_response","","You specified an invalid reaction or response, cancelling selection","You specified an invalid reaction or response, cancelling selection"
"sender.canceled","","You canceled this selection","You canceled this selection"
"sender.timeout","","Canceling.. You didn't respond in time! [] seconds","Canceling.. You didn't respond in time! [] seconds"
"external.timeout","","[], your external action timed out after **5** minutes","[], your external action timed out after **5** minutes"
"sender.default_role_fail","","You set up a default role in **[]** but I don't have permission to add it!","You set up a default role in **[]** but I don't have permission to add it!"
"precondition.no_permission","","You either need the `[]` permission(s) or this server's designated admin role to be able to use this command","You either need the `[]` permission(s) or this server's designated admin role to be able to use this command"
"unmute.mention","","You need to mention at least one user to unmute","You need to mention at least one user to unmute"
"unmute.unmuted","","Unmuted **[]**","Unmuted **[]**"
"unmute.no_unmute","","Couldn't unmute **[]**","Couldn't unmute **[]**"
"unmute.not_muted","","**[]** isn't muted!","**[]** isn't muted!"
"prefix.exists","","There's already a prefix by that name!","There's already a prefix by that name!"
"prefix.added","","Added **[]** to **[]**'s prefixes","Added **[]** to **[]**'s prefixes"
"prefix.not_exists","","There's **not** a prefix by that name!","There's **not** a prefix by that name!"
"prefix.need_argument","The argument is replaced with arg0","You need to include a prefix to []","You need to include a prefix to []"
"prefix.embed_title","","Prefix List | []","Prefix List | []"
"prefix.row","","**[]** > *added by [] on []","**[]** > *added by [] on []"
"prefix.removed","","Removed **[]** from **[]**'s prefixes","Removed **[]** from **[]**'s prefixes"
"precondition.bot_developer","","You need to be a bot developer to use this command!","You need to be a bot developer to use this command!"
"manage.response","","You can manage your server at []","You can manage your server at []"
"kick.mention","","You need to mention someone to kick!","You need to mention someone to kick!"
"kick.cannot_kick","","You cannot kick this user","You cannot kick this user"
"kick.response","","Successfully kicked []","Successfully kicked []"
"kick.no_permission","","Unable to kick **[]** - check my permissions?","Unable to kick **[]** - check my permissions?"
"joinmessage.jm","","join message","join message"
"leavemessage.lm","","leave message","leave message"
"joinmessage.channel","","join message channel","join message channel"
"leavemessage.channel","","leave message channel","leave message channel"
"messages.add_message","","You need to add a message","You need to add a message"
"messages.setup_warning","","You've set a message, but not specified a channel to send it to. Without one set up, your automessage won't work","You've set a message, but not specified a channel to send it to. Without one set up, your automessage won't work"
"messages.how_change","","You can change these settings. See how with []","You can change these settings. See how with []"
"messages.no_channel","","No channel has been set up","No channel has been set up"
"messages.where_send","","**Channel** to send message to:","**Channel** to send message to:"
"messages.no_message","","No message has been set up","No message has been set up"
"messages.message_heading","","**Message**:","**Message**:"
"joinmessage.view_title","","Join Message | Ardent","Join Message | Ardent"
"messages.params_explanation","","In the [], you can use the following parameters to give your server a more customized appearance.","In the [], you can use the following parameters to give your server a more customized appearance."
"messages.server_size","","replaced with the amount of users in this server","replaced with the amount of users in this server"
"messages.user_param","","mentions the user who has just joined","mentions the user who has just joined"
"messages.server_param","","replaced with the name of the server","replaced with the name of the server"
"joinmessage.params_title","","Parameters | Join Message","Parameters | Join Message"
"general.message","Used in arguments","message","message"
"leavemessage.params_title","","Parameters | Leave Message","Parameters | Leave Message"
"leavemessage.view_title","","Leave Message | Ardent","Leave Message | Ardent"
"cq.response","","Successfully cleared the queue","Successfully cleared the queue"
"goto.how","","Use this command to go to specific points in a track. For example, to go to **1 minute, 23 seconds** into a track, use */goto 1:23*","Use this command to go to specific points in a track. For example, to go to **1 minute, 23 seconds** into a track, use */goto 1:23*"
"music.no_playing","","There isn't a currently playing track!","There isn't a currently playing track!"
"goto.invalid_position","","You entered an invalid position!","You entered an invalid position!"
"goto.response","","Went to **[]** in the track","Went to **[]** in the track"
"pause.already_paused","","The player is already paused!","The player is already paused!"
"pause.response","","Paused playback","Paused playback"
"music.status_playing","","Music status: **Playing**","Music status: **Playing**"
"music.how_search","","You can search or play single tracks from Youtube or Spotify by typing */play [search or url]*.","You can search or play single tracks from Youtube or Spotify by typing */play [search or url]*."
"music.how_lucky","","Automatically play the first search result using */play lucky [search]*.","Automatically play the first search result using */play lucky [search]*."
"music.how_mymusic","","You can also type */mymusic play* to play your personal music library or */playlist [playlist id] play* to play one of your playlists.","You can also type */mymusic play* to play your personal music library or */playlist [playlist id] play* to play one of your playlists."
"music.currently_paused","","The player is currently paused","The player is currently paused"
"queue.view_online","","You can view the queue online by clicking [here]([])","You can view the queue online by clicking [here]([])"
"queue.no_songs_in_queue","","There are no songs in the queue!","There are no songs in the queue!"
"rmf.response","","Successfully removed **[]** queued tracks from **[]**","Successfully removed **[]** queued tracks from **[]**"
"repeat.response","","Added the current track to the front of the queue","Added the current track to the front of the queue"
"resume.player_not_paused","","The player isn't paused!","The player isn't paused!"
"resume.response","","Resumed playback","Resumed playback"
"save.response","","Updated your music library. Type **[]** for more information","Updated your music library. Type **[]** for more information"
"skip.response","","Skipped current track:","Skipped current track:"
"music.play_info","","**[]** by *[]* [] - added by **[]**","**[]** by *[]* [] - added by **[]**"
"songurl.response","","**[]** by **[]**: []","**[]** by **[]**: []"
"music.not_in_voice","","I'm not in a voice channel!","I'm not in a voice channel!"
"stop.response","","Destroyed the music player","Destroyed the music player"
"general.valid_percentage","","You need to specify a valid percentage!","You need to specify a valid percentage!"
"volume.response","","Successfully set Ardent volume to **[]**%","Successfully set Ardent volume to **[]**%"
"volume.info","","The volume of your server's music player is **[]**%. Change it using */volume [percent from 1 to 100 here]*","The volume of your server's music player is **[]**%. Change it using */volume [percent from 1 to 100 here]*"
"music.add_to_queue","","Adding **[]** by **[]** to the queue *[]*...","Adding **[]** by **[]** to the queue *[]*..."
"music.add_youtube_playlist","","Loading YouTube playlist **[]** *[] tracks*","Loading YouTube playlist **[]** *[] tracks*"
"music.autoplay_response","","[**Ardent Autoplay**]","[**Ardent Autoplay**]"
"music.select_song","","Select Song","Select Song"
"music.not_found_youtube","","This track wasn't found on YouTube!","This track wasn't found on YouTube!"
"error.something_went_wrong","","Something went wrong :/ **Exception**: []","Something went wrong :/ **Exception**: []"
"music.track_not_found","","I was unable to find a track with that name. Please try again with a different query","I was unable to find a track with that name. Please try again with a different query"
"music.specify_valid_spotify_track","","You need to specify a valid Spotify track!","You need to specify a valid Spotify track!"
"music.beginning_spotify_album","","Beginning track loading from Spotify album **[]**... This could take a few minutes!","Beginning track loading from Spotify album **[]**... This could take a few minutes!"
"music.invalid_spotify_album","","You provided an invalid album url!","You provided an invalid album url!"
"music.invalid_spotify_playlist","","You provided an invalid Spotify playlist url!","You provided an invalid Spotify playlist url!"
"music.beginning_spotify_playlist","","Beginning track loading from Spotify playlist **[]**... This could take a few minutes!","Beginning track loading from Spotify playlist **[]**... This could take a few minutes!"
"music.loaded_ardent_tracks","","Loaded all **[]** tracks.. Starting playback now!","Loaded all **[]** tracks.. Starting playback now!"
"autoplay.could_not_find","","Couldn't find this song in the Spotify database, no autoplay available.","Couldn't find this song in the Spotify database, no autoplay available."
"autoplay.prefix","","**[Autoplay]**","**[Autoplay]**"
"music.voice_stuck","","Oh no! My voice connection got stuck (#blamediscord) - I'll attempt to skip now now - If you encounter this repeatedly, please make me leave then rejoin the channel!","Oh no! My voice connection got stuck (#blamediscord) - I'll attempt to skip now now - If you encounter this repeatedly, please make me leave then rejoin the channel!"
"music.cannot_join_vc","","I can't join the **[]** voice channel! Reason: *[]*","I can't join the **[]** voice channel! Reason: *[]*"
"music.unable_join_vc","","Unable to join voice channel.. Are you sure you're in one?","Unable to join voice channel.. Are you sure you're in one?"
"games.already_in_game","","[], you're already in game! You can't create another game!","[], you're already in game! You can't create another game!"
"games.cancel","","Cancelling game...","Cancelling game..."
"cancel","","cancel","annuler"
"bet.how_much","","How much would you like to bet? You current have **[] gold**. Type the amount below. You can also bet a **percentage** of your net worth, e.g. *40%*","How much would you like to bet? You current have **[] gold**. Type the amount below. You can also bet a **percentage** of your net worth, e.g. *40%*"
"bet.invalid_amount","","You specified an invalid bet amount! Please retry or type `cancel` to cancel the game","You specified an invalid bet amount! Please retry or type `cancel` to cancel the game"
"bet.embed_title","","What color will the next card I draw be?","What color will the next card I draw be?"
"color.black","","Black","Black"
"color.red","","Red","Red"
"bet.go_again","","Would you like to go again? Type `yes` if so or `no` to end the game","Would you like to go again? Type `yes` if so or `no` to end the game"
"bet.end","","Ending the game and inserting data into the database..","Ending the game and inserting data into the database.."
"games.invalid_response_cancel","","Invalid response... Cancelling game now","Invalid response... Cancelling game now"
"games.invalid_response_end_game","","Invalid response... ending the game and inserting data into the database..","Invalid response... ending the game and inserting data into the database.."
"blackjack.broke_pity","","Because you were broke, the Blackjack Gods took pity on you and gave you [] gold to bet with","Because you were broke, the Blackjack Gods took pity on you and gave you [] gold to bet with"
"blackjack.how_much","","How much would you like to bet, []? You current have a balance of **[]** gold","How much would you like to bet, []? You current have a balance of **[]** gold"
"blackjack.invalid_reset","","You specified an invalid amount.. resetting the round","You specified an invalid amount.. resetting the round"
"blackjack.info","","You've been dealt 1 card. The dealer's second card is hidden. The goal is to get as close as possible to **21**. Type `hit` if you'd like to get another card or `stay` to stay at your current amount","You've been dealt 1 card. The dealer's second card is hidden. The goal is to get as close as possible to **21**. Type `hit` if you'd like to get another card or `stay` to stay at your current amount"
"blackjack.generating_dealer","","Generating dealer cards...","Generating dealer cards..."
"games.invalid_retry","","You specified an invalid response - please retry","You specified an invalid response - please retry"
"games.no_response_lost","","[], you didn't specify a response and thus lost!","[], you didn't specify a response and thus lost!"
"blackjack.view_embed_title","","Blackjack | Hand Values","Blackjack | Hand Values"
"blackjack.your_hand","","Your Hand","Your Hand"
"blackjack.dealer_hand","","Dealer's Hand","Dealer's Hand"
"money.lost_gold","","**Sorry, you lost [] gold!**","**Sorry, you lost [] gold!**"
"money.won_gold","","**Congratulations, you won [] gold!**","**Congratulations, you won [] gold!**"
"blackjack.tied","","**You tied and didn't lose the [] you bet!**","**You tied and didn't lose the [] you bet!**"
"blackjack.want_go_again","","Would you like to go again? Type `yes` if so or `no` to end the game","Would you like to go again? Type `yes` if so or `no` to end the game"
"musiclibrary.view_at","","You can view your music library at []","You can view your music library at []"
"music.specify_song","","Please specify a song link or name","Please specify a song link or name"
"musiclibrary.reset_warning","","Are you sure you want to reset your library? Type **yes** to continue","Are you sure you want to reset your library? Type **yes** to continue"
"musiclibrary.reset_success","","Successfully reset your music library","Successfully reset your music library"
"musiclibrary.reset_cancel","","**Yes** wasn't provided, so I cancelled the library reset","**Yes** wasn't provided, so I cancelled the library reset"
"musiclibrary.how_remove","","You can remove tracks at [] after signing in!","You can remove tracks at [] after signing in!"
"musiclibrary.how_add_import","","You don't have any tracks in your music library! Add some at [] or import your music library from **Spotify** with /mymusic import","You don't have any tracks in your music library! Add some at [] or import your music library from **Spotify** with /mymusic import"
"musiclibrary.loading","","Started loading **[]** tracks from your music library..","Started loading **[]** tracks from your music library.."
"musiclibrary.import_how","","To import your Spotify music library and add the tracks to your Ardent library, please login with your Spotify account using the following link: []","To import your Spotify music library and add the tracks to your Ardent library, please login with your Spotify account using the following link: []"
"musiclibrary.successful_import","","Imported **[]** tracks from your Spotify library. View here: []","Imported **[]** tracks from your Spotify library. View here: []"
"playlists.create_cancel","","Canceled playlist creation.","Canceled playlist creation."
"playlists.create_invalid_url","","You specified an invalid url. Cancelled playlist setup.","You specified an invalid url. Cancelled playlist setup."
"playlists.view_online","","View this playlist online at []","View this playlist online at []"
"playlists.create_success","","Successfully created playlist []!","Successfully created playlist []!"
"playlists.specify_youtube_playlist","","Please specify a YouTube playlist url now.","Please specify a YouTube playlist url now."
"playlists.clone_success","","Successfully cloned playlist []!","Successfully cloned playlist []!"
"playlists.invalid_playlist_try_again","","You specified an invalid playlist. Please try again","You specified an invalid playlist. Please try again"
"playlists.specify_ardent_playlist","","Please specify an Ardent playlist id or url","Please specify an Ardent playlist id or url"
"playlists.invalid_url_try_again","","You specified an invalid url. Cancelled playlist setup.","You specified an invalid url. Cancelled playlist setup."
"playlists.specify_spotify_now","","Please specify a Spotify playlist or album url now","Please specify a Spotify playlist or album url now"
"playlists.create_need_name","","You need to include a name for this playlist","You need to include a name for this playlist"
"playlists.create_what_type","","What type of playlist do you want to create?","What type of playlist do you want to create?"
"playlists.default","","Default","Default"
"playlists.link_spotify","","Link a Spotify Playlist or Album","Link a Spotify Playlist or Album"
"playlists.link_youtube","","Link a YouTube Playlist","Link a YouTube Playlist"
"playlists.clone_other","","Clone someone's playlist","Clone someone's playlist"
"playlists.cancel_deletion","","Cancelled playlist deletion..","Cancelled playlist deletion.."
"playlists.delete_success","","Deleted playlist []","Deleted playlist []"
"playlists.confirm_delete","","Are you sure you want to delete playlist []? This is irreversible","Are you sure you want to delete playlist []? This is irreversible"
"playlists.specify_valid_id","","You need to specify a valid playlist id!","You need to specify a valid playlist id!"
"playlists.delete_permission","","You need to be the owner of this playlist in order to delete it!","You need to be the owner of this playlist in order to delete it!"
"playlists.view_response","","To see track information for or modify **[]** *by []*, go to [] - id: *[]*","To see track information for or modify **[]** *by []*, go to [] - id: *[]*"
"playlists.how_play","","You can play a playlist using */playlist play [playlist id]*","You can play a playlist using */playlist play [playlist id]*"
"playlists.list_row","","ID: *[]* - Last Modified at *[]*","ID: *[]* - Last Modified at *[]*"
"playlists.no_playlists","","This user doesn't have any playlists! Create one by typing */playlist create [name]*","This user doesn't have any playlists! Create one by typing */playlist create [name]*"
"playlists.list_embed_title","","[] | Music Playlists","[] | Music Playlists"
"playlists.loading_tracks","","Loading tracks from playlist []..","Loading tracks from playlist [].."
"connect4.game_tied","","All tiles have been placed without a winner. Therefore, I choose [] as the winner! (They won't get any gold for winning this game)","All tiles have been placed without a winner. Therefore, I choose [] as the winner! (They won't get any gold for winning this game)"
"connect4.result_title","","Connect 4 | Results","Connect 4 | Results"
"connect4.winner_tied","","[] has (technically) won after a tied game, decided randomly in a coin toss","[] has (technically) won after a tied game, decided randomly in a coin toss"
"connect4.board_title","","Connect 4 Game Board","Connect 4 Game Board"
"connect4.prompt","","[], it's your turn [] - React to place your chip","[], it's your turn [] - React to place your chip"
"connect4.no_input","","No input was received from []. Retrying the round... If they don't respond this time, the game will be cancelled","No input was received from []. Retrying the round... If they don't respond this time, the game will be cancelled"
"connect4.invalid_input","","An unidentified reaction was received from []. Retrying the round... If they don't respond this time, the game will be cancelled","An unidentified reaction was received from []. Retrying the round... If they don't respond this time, the game will be cancelled"
"connect4.invalid_column","","[], you specified an invalid column: Please retry..","[], you specified an invalid column: Please retry.."
"connect4.winner_congrats","","[] has won and got **[] gold**!","[] has won and got **[] gold**!"
"slots.no_response_in_time","","You didn't respond in time, so I'll end the game now","You didn't respond in time, so I'll end the game now"
"slots.go_again","","Do you want to go again?","Do you want to go again?"
"slots.invalid_bet","","You specified an invalid bet, please retry...","You specified an invalid bet, please retry..."
"slots.how_much","","How much would you like to bet? You currently have **[]** gold","How much would you like to bet? You currently have **[]** gold"
"tictactoe.creating","","**Creating game now..**","**Creating game now..**"
"tictactoe.no_continue","","You selected not to play another game. **Cleaning up resources..**","You selected not to play another game. **Cleaning up resources..**"
"tictactoe.only_creator","","Only the creator of the game can make this selection","Only the creator of the game can make this selection"
"tictactoe.start_again","","Do you want to start another game?","Do you want to start another game?"
"tictactoe.no_input","","No input was received from []... They have **45** more seconds to play or the game will be automatically cancelled","No input was received from []... They have **45** more seconds to play or the game will be automatically cancelled"
"tictactoe.invalid_input","","[] reacted with an invalid place! They'll have **one** more try or else I'll cancel the game..","[] reacted with an invalid place! They'll have **one** more try or else I'll cancel the game.."
"tictactoe.embed_title","","Tic Tac Toe | Ardent","Tic Tac Toe | Ardent"
"tictactoe.game_tied","","Game Over! Sadly, you guys **tied** and nobody won","Game Over! Sadly, you guys **tied** and nobody won"
"tictactoe.game_over","","Game Over! The amazing [] has won!","Game Over! The amazing [] has won!"
"tictactoe.prompt","","[], you're up! Click where you want to place","[], you're up! Click where you want to place"
"games.created_private","games.created_private
","Created your game! [], use **/gameinvite @User** to invite someone to your game or **/cancel*** to cancel","Created your game! [], use **/gameinvite @User** to invite someone to your game or **/cancel*** to cancel"
"games.starting","","Starting a game of type **[]** with **[]** players ([])","Starting a game of type **[]** with **[]** players ([])"
"games.lobby_time_exceeded","","**10** minutes have passed in lobby, so I cancelled the game setup.","**10** minutes have passed in lobby, so I cancelled the game setup."
"games.lobby_embed","","[] Game Lobby","[] Game Lobby"
"games.ardent_game_engine","","Ardent Game Engine - by []","Ardent Game Engine - by []"
"games.lobby_active_time","","This lobby has been active for []","This lobby has been active for []"
"games.lobby_info","","It currently has **[]** of **[]** players required to start | []","It currently has **[]** of **[]** players required to start | []"
"games.notify_forcestart","","To start, the host can also type */forcestart*","To start, the host can also type */forcestart*"
"games.created_by","","This game was created by __[]__","This game was created by __[]__"
"games.how_join","","Join by typing **/join #[]**","Join by typing **/join #[]**"
"games.how_cancel","","You can cancel this game by typing /cancel","You can cancel this game by typing /cancel"
"games.lets_play_start","","Let's play **[]**!","Let's play **[]**!"
"games.game_canceled","","**[]** cancelled this game (likely due to no response) or the lobby was open for over 5 minutes ;(","**[]** cancelled this game (likely due to no response) or the lobby was open for over 5 minutes ;("
"games.generated_new_id","","This Game ID has already been inserted into the database. Your new Game ID is **[]**","This Game ID has already been inserted into the database. Your new Game ID is **[]**"
"games.data_inserted","","Game Data has been successfully inserted into the database. To view the results and statistics for this match, you can go to []","Game Data has been successfully inserted into the database. To view the results and statistics for this match, you can go to []"
"games.pledge_request","","Please consider making a small monthly pledge at [] if you enjoyed this game to support our hosting and development costs","Please consider making a small monthly pledge at [] if you enjoyed this game to support our hosting and development costs"
"games.created_public","games.created_public
","You successfully created a **Public []** game with ID #__[]__!\nAnyone in this server can join by typing */join #[]* - cancel using */cancel*","You successfully created a **Public []** game with ID #__[]__!\nAnyone in this server can join by typing */join #[]* - cancel using */cancel*"
"trivia.win_info","","Congrats to [] for winning with **[]** of **[]** points possible!","Congrats to [] for winning with **[]** of **[]** points possible!"
"trivia.prize_info","","They'll receive that amount in gold as a prize!","They'll receive that amount in gold as a prize!"
"trivia.cleaning_up","","Cleaning game up..","Cleaning game up.."
"trivia.three_rounds_left","","There are only **3** rounds left!","There are only **3** rounds left!"
"trivia.embed_title","","Trivia | Question [] of []","Trivia | Question [] of []"
"trivia.points","","**[]** points","**[]** points"
"trivia.correct","","[] guessed the correct answer and got **[]** points!","[] guessed the correct answer and got **[]** points!"
"trivia.no_one_correct","","No one got it right! The correct answer was **[]**","No one got it right! The correct answer was **[]**"
"trivia.scores_embed_title","","Trivia Scores | Round []","Trivia Scores | Round []"
"trivia.no_one_scored","","No one has scored yet!","No one has scored yet!"
"trivia.generating_questions","","I'm generating questions now.. (this shouldn't happen for a while)","I'm generating questions now.. (this shouldn't happen for a while)"
"trivia.generated_questions","","Generated questions","Generated questions"
"trivia.invalid_number_cancel","","Invalid number provided, cancelling setup","Invalid number provided, cancelling setup"
"trivia.how_many_players","","How many players would you like in this game? Type `none` to set the limit as 999 (effectively no limit)","How many players would you like in this game? Type `none` to set the limit as 999 (effectively no limit)"
"trivia.make_public","","Would you like this game to be open to everyone to join?","Would you like this game to be open to everyone to join?"
"lang","","lang","lang",""
"lang.description","","view and change Ardent's language in your server","view and change Ardent's language in your server",""
"module.Information","","Information","Information",""
"module.Fun","","Fun","Fun",""
"module.RPG","","RPG","RPG",""
"module.Administration","","Administration","Administration",""
"module.Ardent","","Ardent","Ardent",""
"module.Games","","Games","Games",""
"module.Music","","Music","Music",""
"lang.current_info","","The current language is set to []. To change this, use */lang language_here*.","The current language is set to []. To change this, use */lang language_here*.",""
"lang.language_list","","Language list","Language list",""
"lang.invalid_lang","","You specified an invalid language! Type */lang* to get a full language list.","You specified an invalid language! Type */lang* to get a full language list.",""
"lang.warning_change","","Are you sure you want to change the language from [] to []? Type `yes` if so, or `no` to cancel","Are you sure you want to change the language from [] to []? Type `yes` if so, or `no` to cancel",""
"lang.updated","","Updated the server language","Updated the server language",""
"lang.cancel_update","","Canceled language update","Canceled language update",""
"playlists.view_this_online","a copy","View this playlist online at []","View this playlist online at []",""
"sender.announce","","**Ardent Announcement**:","**Ardent Announcement**:",""
"calculate","","calculate","calculate",""
"calculate.description","","evaluate expressions fast and simply in Discord - even with variables!","evaluate expressions fast and simply in Discord - even with variables!",""
"calculate.invalid_variable_declaration","","You declared an invalid variable. Format: var = expression","You declared an invalid variable. Format: var = expression",""
"calculate.send","","**Result**: []","**Result**: []",""
"calculate.timeout","","Your calculation timed out after **[]** seconds.","Your calculation timed out after **[]** seconds.",""
"calculate.error","","There was an error when trying to evaluate your expression: **[]**","There was an error when trying to evaluate your expression: **[]**",""
"calculate.help","","The calculator is very simple. After */calculate*, put in your **expression**. For each variable you want to declare that's used in the expression, add a semi-colon (;) followed by `name = value`. For example, */calculate 8a^2 - 4;a = 2b;b=9*. Variables can reference other variables","The calculator is very simple. After */calculate*, put in your **expression**. For each variable you want to declare that's used in the expression, add a semi-colon (;) followed by `name = value`. For example, */calculate 8a^2 - 4;a = 2b;b=9*. Variables can reference other variables",""
