"ping.wow","The message shown before the ping response","wow, you saw this?","wow, you saw this?"
"ping.response","ping.response
First param: the response time in milliseconds. ms=milliseconds. The second param will be either ""Normal"" or ""Slow"" depending on the speed of the response","**Response time**: []*ms* - __[]__","**Response time**: []*ms* - __[]__"
"ping.slow","Shown to describe when ping response is slow. 2nd param of response time","Slow","Lent"
"ping.normal","Shown to describe when ping response is normal. 2nd param of response time","Normal","Normal"
"ping","ping command","ping","ping"
"cmd.help","replaced with the command name | Help inside the command help display embed","[] | Help","[] | Help"
"cmd.nodesc","","no description is available for this command","no description is available for this command"
"cmd.cooldown","shows the cooldown amount in help, for commands with cooldowns","__cooldown__: [] seconds","__cooldown__: [] seconds"
"cmd.subcommands","the bold Subcommands header above the command arguments","Subcommands","Subcommands"
"cmd.flags","the bold heading above command flags","Flags","Flags"
"cmd.examples","The cmd help example heading","Examples","Examples"
"cmd.example","The cmd help example heading (only 1 example)","Example","Example"
"cmd.aliases","The cmd help alias heading","Command aliases: **[]**","Command aliases: **[]**"
"cooldown.fail","When someone's on cooldown. First param: command name. Second param: user mention. Third param: integer","**[]** > [], you're still on cooldown for [] seconds!","**[]** > [], you're still on cooldown for [] seconds!"
"cmd.allhelp","","See help for all commands by using /help","See help for all commands by using /help"
"adminrole","adminrole command","adminrole","adminrole"
"announce","announce command","announce","announce"
"clear","clear command","clear","clear"
"defaultrole","defaultrole command","defaultrole","defaultrole"
"disablecommand","disablecommand command","disablecommand","disablecommand"
"disablemodule","disablemodule command","disablemodule","disablemodule"
"joinmessage","joinmessage command","joinmessage","joinmessage"
"kick","kick command","kick","kick"
"leavemessage","leavemessage command","leavemessage","leavemessage"
"manage","manage command","manage","manage"
"mute","mute command","mute","mute"
"prefix","prefix command","prefix","prefix"
"unmute","unmute command","unmute","unmute"
"2018","2018 (information) command","2018","2018"
"invite","invite command","invite","invite"
"message","message command","message","message"
"patreon","patreon command","patreon","patreon"
"status","status command","status","status"
"suggest","suggestions command","suggest","suggest"
"support","support command","support","support"
"website","website command","website","website"
"8ball","8ball command","8ball","8ball"
"coinflip","coinflip command","coinflip","coinflip"
"fml","fml command","fml","fml"
"fortune","fortune (unix) command","fortune","fortune"
"gif","gif (random) command","gif","gif"
"nick","nick command","nick","nick"
"nickme","nickme command","nickme","nickme"
"random","random command","random","random"
"roll","roll command","roll","roll"
"translate","translate command","translate","translate"
"urban","urban dictionary command","urban","urban"
"accept","accept command","accept","accept"
"bet","bet command","bet","bet"
"blackjack","blackjack command","blackjack","blackjack"
"cancel","cancel command","cancel","cancel"
"connect4","connect4 command","connect4","connect4"
"decline","decline command","decline","decline"
"gameinvite","gameinvite command","gameinvite","gameinvite"
"gamelist","gamelist command","gamelist","gamelist"
"join","game join command","join","join"
"leavegame","leave game command","leavegame","leavegame"
"slots","slots command","slots","slots"
"start","start command","start","start"
"tictactoe","tictactoe command","tictactoe","tictactoe"
"trivia","trivia command","trivia","trivia"
"getid","get ids command","getid","getid"
"help","help command","help","help"
"online","online command","online","online"
"ping","ping command","ping","ping"
"roleinfo","roleinfo command","roleinfo","roleinfo"
"serverinfo","serverinfo command","serverinfo","serverinfo"
"ulog","user log command","ulog","ulog"
"whois","whois command","whois","whois"
"daily","daily gold command","daily","daily"
"divorce","divorce command","divorce","divorce"
"marry","marry command","marry","marry"
"profile","profile command","profile","profile"
"top","top (money) command","top","top"
"clearqueue","clear queue command","clearqueue","clearqueue"
"goto","goto command","goto","goto"
"musiclibrary","music library commands","musiclibrary","musiclibrary"
"pause","pause command","pause","pause"
"play","play command","play","play"
"playing","now playing command","playing","playing"
"playlist","playlist command","playlist","playlist"
"queue","queue command","queue","queue"
"removefrom","removefrom command","removefrom","removefrom"
"repeat","repeat command","repeat","repeat"
"resume","resume command","resume","resume"
"save","save command","save","save"
"skip","skip command","skip","skip"
"songurl","songurl command","songurl","songurl"
"stop","stop command","stop","stop"
"volume","volume command","volume","volume"
"adminrole.description","","manage the Ardent admin role in your server","manage the Ardent admin role in your server"
"announce.description","","schedule announcements on this server","schedule announcements on this server"
"clear.description","","clear embeds and messages from a channel","clear embeds and messages from a channel"
"defaultrole.description","","set a role that new members will receive when they join","set a role that new members will receive when they join"
"disablecommand.description","","prevent a command from being used in this server\nCAVEATS: admin commands, along with /help and /suggest, __cannot__ be disabled","prevent a command from being used in this server\nCAVEATS: admin commands, along with /help and /suggest, __cannot__ be disabled"
"disablemodule.description","","prevent a module from being used in this server\nCAVEATS: the admin and info modules __cannot__ be disabled","prevent a module from being used in this server\nCAVEATS: the admin and info modules __cannot__ be disabled"
"joinmessage.description","","set a message shown to users when they join","set a message shown to users when they join"
"kick.description","","kick someone out of the server","kick someone out of the server"
"leavemessage.description","","set a message shown when users leave","set a message shown when users leave"
"log","log command","log","log"
"log.description","","log important events to a specified channel","log important events to a specified channel"
"manage.description","","manage your server using the Ardent dashboard","manage your server using the Ardent dashboard"
"message.description","","message users - for bot developers only :)","message users - for bot developers only :)"
"mute.description","","mute users for a specified period of time","mute users for a specified period of time"
"prefix.description","","see, add or remove a prefix","see, add or remove a prefix"
"unmute.description","","unmute users in your server","unmute users in your server"
"2018.description","","learn about Ardent","learn about Ardent"
"invite.description","","invite Ardent to your server!","invite Ardent to your server!"
"patreon.description","","help support our monthly hosting costs <3","help support our monthly hosting costs <3"
"status.description","","see realtime statistics about the bot","see realtime statistics about the bot"
"suggest.description","","suggest something to the Ardent team!","suggest something to the Ardent team!"
"support.description","","get support - join the Ardent server!","get support - join the Ardent server!"
"website.description","","get the url for Ardent's website!","get the url for Ardent's website!"
"coinflip.description","","let chance decide!","let chance decide!"
"8ball.description","","need an answer to a question? can't decide? ask the Ardent magic 8-ball","need an answer to a question? can't decide? ask the Ardent magic 8-ball"
"fml.description","","having a bad day or want to laugh at someone else's expense?","having a bad day or want to laugh at someone else's expense?"
"fortune.description","","get one of those classic unix fortunes!","get one of those classic unix fortunes!"
"gif.description","","shows you a random gif from Giphy","shows you a random gif from Giphy"
"nick.description","","give yourself a nickname. functions exactly the same as /nick on Android","give yourself a nickname. functions exactly the same as /nick on Android"
"nickme.description","","let Ardent give you a cool new randomly-generated nickname!","let Ardent give you a cool new randomly-generated nickname!"
"random.description","","get a random number or option","get a random number or option"
"roll.description","","roll a die","roll a die"
"translate.description","","translate what you want to say to a different language!","translate what you want to say to a different language!"
"urban.description","","get word definitions from the Urban Dictionary!","get word definitions from the Urban Dictionary!"
"daily.description","","get a daily stipend of between 20 and $500 Ardent currency","get a daily stipend of between 20 and $500 Ardent currency"
"divorce.description","","your marriage wasn't all you dreamed it would be?","your marriage wasn't all you dreamed it would be?"
"marry.description","","marry the discord user of your dreams!","marry the discord user of your dreams!"
"profile.description","","see a user's profile","see a user's profile"
"top.description","","see who has the most money in the Ardent database","see who has the most money in the Ardent database"
"musiclibrary.description","","reset, or play from your personal music library","reset, or play from your personal music library"
"playlist.description","","create, delete, or play from your saved playlists","create, delete, or play from your saved playlists"
"clearqueue.description","","clears all songs from the queue","clears all songs from the queue"
"goto.description","","use this command to go to a certain point in the currently playing track","use this command to go to a certain point in the currently playing track"
"pause.description","","pauses the music player","pauses the music player"
"play.description","","play songs, playlists, or your personal music library!","play songs, playlists, or your personal music library!"
"playing.description","","shows information about the currently playing track","shows information about the currently playing track"
"queue.description","","shows information about the current queue","shows information about the current queue"
"removefrom.description","","remove all the tracks from the mentioned user or users","remove all the tracks from the mentioned user or users"
"repeat.description","","repeat the track that's currently playing","repeat the track that's currently playing"
"resume.description","","resumes the music player","resumes the music player"
"save.description","","save the currently playing track to your music library","save the currently playing track to your music library"
"skip.description","","skips the currently playing track","skips the currently playing track"
"songurl.description","","gets the link for the currently playing track!","gets the link for the currently playing track!"
"stop.description","","stop the music player and remove the queue","stop the music player and remove the queue"
"volume.description","","see and change the volume of the player","see and change the volume of the player"
"getid.description","","get the id of a mentioned role, text channel, or user!","get the id of a mentioned role, text channel, or user!"
"help.description","","get command help","get command help"
"online.description","","see online/offline statistics about other users or see who's online!","see online/offline statistics about other users or see who's online!"
"ping.description","","get Ardent's ping","get Ardent's ping"
"roleinfo.description","","view useful information about roles in this server","view useful information about roles in this server"
"serverinfo.description","","view basic information about this server","view basic information about this server"
"userinfo.description","","view cool information about your friends","view cool information about your friends"
"userlog.description","","see a list of users' messages that Ardent has logged in channels that you and the user have access to","see a list of users' messages that Ardent has logged in channels that you and the user have access to"
"accept.description","","accept an invitation to a game","accept an invitation to a game"
"cancel.description","","cancel a game in lobby","cancel a game in lobby"
"decline.description","","decline a pending game invite","decline a pending game invite"
"start.description","","manually start a game","manually start a game"
"gameinvite.description","","invite people to your game!","invite people to your game!"
"gamelist.description","","display all currently running games","display all currently running games"
"join.description","","join a game in lobby","join a game in lobby"
"leave.description","","leave a game you're currently queued for","leave a game you're currently queued for"
"bet.description","","bet some money - will you be lucky?","bet some money - will you be lucky?"
"blackjack.description","","start a game of blackjack - inside Discord!","start a game of blackjack - inside Discord!"
"connect4.description","","play connect 4 - inside Discord!","play connect 4 - inside Discord!"
"slots.description","","start slots games!","start slots games!"
"tictactoe.description","","start a game of Tic Tac Toe - inside Discord!","start a game of Tic Tac Toe - inside Discord!"
"trivia.description","","start a game of trivia","start a game of trivia"
