"ping.wow","The message shown before the ping response","wow, you saw this?","вау, видео си ово?"
"ping.response","ping.response
First param: the response time in milliseconds. ms=milliseconds. The second param will be either ""Normal"" or ""Slow"" depending on the speed of the response","**Response time**: []*ms* - __[]__","** Одговор времена **: [] * ms * - __[]__"
"ping.slow","Shown to describe when ping response is slow. 2nd param of response time","Slow","Споро"
"ping.normal","Shown to describe when ping response is normal. 2nd param of response time","Normal","Нормално"
"ping","ping command","ping","пинг"
"cmd.help","replaced with the command name | Help inside the command help display embed","[] | Help","[] | Помоћ"
"cmd.nodesc","","no description is available for this command","опис није доступан је за ову команду"
"cmd.cooldown","shows the cooldown amount in help, for commands with cooldowns","__cooldown__: [] seconds","__cooldown__: [] секунди"
"cmd.subcommands","the bold Subcommands header above the command arguments","Subcommands","Поткоманде"
"cmd.flags","the bold heading above command flags","Flags","Заставе"
"cmd.examples","The cmd help example heading","Examples","Примери"
"cmd.example","The cmd help example heading (only 1 example)","Example","Пример"
"cmd.aliases","The cmd help alias heading","Command aliases: **[]**","Псеудоними команде: ** [] **"
"cooldown.fail","When someone's on cooldown. First param: command name. Second param: user mention. Third param: integer","**[]** > [], you're still on cooldown for [] seconds!","**[]** > [], на чекању си још [] секунди!"
"cmd.allhelp","","See help for all commands by using /help","Види помоћ за све команде помоћу /help"
"adminrole","adminrole command","adminrole","админрол"
"announce","announce command","announce","обавестити"
"clear","clear command","clear","обриши"
"defaultrole","defaultrole command","defaultrole","дефаултрол"
"disablecommand","disablecommand command","disablecommand","искључикоманду"
"disablemodule","disablemodule command","disablemodule","искључимодул"
"joinmessage","joinmessage command","joinmessage","улазнапорука"
"kick","kick command","kick","избаци"
"leavemessage","leavemessage command","leavemessage","излазнапорука"
"manage","manage command","manage","управљати"
"mute","mute command","mute","утишати"
"prefix","prefix command","prefix","префикс"
"unmute","unmute command","unmute","/укључи"
"2018","2018 (information) command","2018","2018"
"invite","invite command","invite","позивати"
"message","message command","message","порука"
"patreon","patreon command","patreon","патрон"
"status","status command","status","статус"
"suggest","suggestions command","suggest","предложи"
"support","support command","support","подршка"
"website","website command","website","сајт"
"8ball","8ball command","8ball","8бал"
"coinflip","coinflip command","coinflip","коинфлип"
"fml","fml command","fml","фмл"
"fortune","fortune (unix) command","fortune","богатство"
"gif","gif (random) command","gif","гиф"
"nick","nick command","nick","надимак"
"nickme","nickme command","nickme","дајнадимак"
"random","random command","random","насумично"
"roll","roll command","roll","окренути"
"translate","translate command","translate","преведи"
"urban","urban dictionary command","urban","урбан"
"accept","accept command","accept","прихватити"
"bet","bet command","bet","опклада"
"blackjack","blackjack command","blackjack","блекџек"
"cancel","cancel command","cancel","откажи"
"connect4","connect4 command","connect4","прикључи4"
"decline","decline command","decline","одбити"
"gameinvite","gameinvite command","gameinvite","позивзаигру"
"gamelist","gamelist command","gamelist","истаигара"
"join","game join command","join","уђи"
"leavegame","leave game command","leavegame","напустиигру"
"slots","slots command","slots","слотови"
"start","start command","start","почни"
"tictactoe","tictactoe command","tictactoe","тиктактоу"
"trivia","trivia command","trivia","тривиа"
"getid","get ids command","getid","узмиид"
"help","help command","help","помоћ"
"online","online command","online","онлајн"
"ping","ping command","ping","пинг"
"roleinfo","roleinfo command","roleinfo","ролинформације"
"serverinfo","serverinfo command","serverinfo","информацијесервера"
"ulog","user log command","ulog","улог"
"whois","whois command","whois","које"
"daily","daily gold command","daily","дневно"
"divorce","divorce command","divorce","разведи"
"marry","marry command","marry","венчај"
"profile","profile command","profile","профил"
"top","top (money) command","top","врх"
"clearqueue","clear queue command","clearqueue","обриширед"
"goto","goto command","goto","идидо"
"musiclibrary","music library commands","musiclibrary","музичкабиблиотека"
"pause","pause command","pause","пауза"
"play","play command","play","пусти"
"playing","now playing command","playing","пуштено"
"playlist","playlist command","playlist","плејлиста"
"queue","queue command","queue","ред"
"removefrom","removefrom command","removefrom","избришииз"
"repeat","repeat command","repeat","понови"
"resume","resume command","resume","настави"
"save","save command","save","сачувај"
"skip","skip command","skip","прескочи"
"songurl","songurl command","songurl","урлпесме"
"stop","stop command","stop","заустави"
"volume","volume command","volume","јачина"
"adminrole.description","","manage the Ardent admin role in your server","управљај Ардент админ ролом на вашем серверу"
"announce.description","","schedule announcements on this server","распореди објаве на овом серверу"
"clear.description","","clear embeds and messages from a channel","обриши означене поруке са овог канала"
"defaultrole.description","","set a role that new members will receive when they join","постави рол који ће нови чланови добити када уђу"
"disablecommand.description","","prevent a command from being used in this server\nCAVEATS: admin commands, along with /help and /suggest, __cannot__ be disabled","спречи да команда буде коришћена на овом серверу\nCAVEATS: админ команде, заједно са /help и /suggest, __cannot__ бити обустављене"
"disablemodule.description","","prevent a module from being used in this server\nCAVEATS: the admin and info modules __cannot__ be disabled","спречи коришћење модула на овом серверу\nCAVEATS: админ и инфо модули __cannot__ не могу бити обустављени"
"joinmessage.description","","set a message shown to users when they join","постави поруку која ће бити приказана корисницима кад уђу"
"kick.description","","kick someone out of the server","избаци некога са сервера"
"leavemessage.description","","set a message shown when users leave","постави поруку која ће се приказати када корисници оду"
"log","log command","log","евиденција"
"log.description","","log important events to a specified channel","евидентирај важне догађаје у одређеном каналу"
"manage.description","","manage your server using the Ardent dashboard","управљај својим сервером помоћу Ардент дешборда"
"message.description","","message users - for bot developers only :)","пошаљи поруку корисницима - само за девелопере бота :)"
"mute.description","","mute users for a specified period of time","искључи кориснике на одређено време"
"prefix.description","","see, add or remove a prefix","види, додај или уклони префикс"
"unmute.description","","unmute users in your server","укључи кориснике на свом серверу"
"2018.description","","learn about Ardent","сазнај више о Арденту"
"invite.description","","invite Ardent to your server!","позови Ардента на свој сервер!"
"patreon.description","","help support our monthly hosting costs <3","помозите нам финансијски око месечног хостинга <3"
"status.description","","see realtime statistics about the bot","погледај тренутне статистике у вези бота"
"suggest.description","","suggest something to the Ardent team!","предложите нешто Ардент тиму!"
"support.description","","get support - join the Ardent server!","добиј помоћ - придружи се Ардент серверу!"
"website.description","","get the url for Ardent's website!","добиј урл за Ардентов сајт!"
"coinflip.description","","let chance decide!","дај прилици да одлучи!"
"8ball.description","","need an answer to a question? can't decide? ask the Ardent magic 8-ball","потребан ти је одговор на питање? не можеш одлучити? питај Ардентов магичан 8бал"
"fml.description","","having a bad day or want to laugh at someone else's expense?","имаш лош дан или да се смеје на рачун неког другог?"
"fortune.description","","get one of those classic unix fortunes!","добиј један од оних класичних уникс богатства!"
"gif.description","","shows you a random gif from Giphy","показује вам насумични гиф са Giphy-ја"
"nick.description","","give yourself a nickname. functions exactly the same as /nick on Android","дај себи надимак. функционише исто као /nick на Андроиду"
"nickme.description","","let Ardent give you a cool new randomly-generated nickname!","нека вам Ардент да нови, кул, насумично генерисани надимак!"
"random.description","","get a random number or option","добиј насумични број или опцију"
"roll.description","","roll a die","баци коцку"
"translate.description","","translate what you want to say to a different language!","преведи шта желиш рећи на други језик!"
"urban.description","","get word definitions from the Urban Dictionary!","добиј дефиниције речи са Urban Dictionary-ја!"
"daily.description","","get a daily stipend of between 20 and $500 Ardent currency","добиј дневну стипендију од између 20 и 500 долара у Ардентовој валути"
"divorce.description","","your marriage wasn't all you dreamed it would be?","твој брак није онакав какав си сањао да буде?"
"marry.description","","marry the discord user of your dreams!","венчај се са дискорд корисником из твојих снова!"
"profile.description","","see a user's profile","види корисников профил"
"top.description","","see who has the most money in the Ardent database","види ко има највише пара у Ардентовој бази података"
"musiclibrary.description","","reset, or play from your personal music library","ресетуј или пусти музику из твоје личне библиотеке"
"playlist.description","","create, delete, or play from your saved playlists","направи, избриши или пусти музику из твојих сачуваних плејлиста"
"clearqueue.description","","clears all songs from the queue","брише све песме из реда"
"goto.description","","use this command to go to a certain point in the currently playing track","користи ову команду да дођеш до одређеног дела песме у току"
"pause.description","","pauses the music player","паузира музички плејер"
"play.description","","play songs, playlists, or your personal music library!","пусти песме, плејлисте или личну музичку библиотеку!"
"playing.description","","shows information about the currently playing track","приказује информације о музици у току"
"queue.description","","shows information about the current queue","приказује информације о тренутном реду"
"removefrom.description","","remove all the tracks from the mentioned user or users","уклони сву музику коју је пустио споменути корисник/корисници"
"repeat.description","","repeat the track that's currently playing","понови песму која се тренутно пушта"
"resume.description","","resumes the music player","наставља музику"
"save.description","","save the currently playing track to your music library","сачувај песму која се тренутно пушта у своју музичку библиотеку"
"skip.description","","skips the currently playing track","прескаче песму која се тренутно пушта"
"songurl.description","","gets the link for the currently playing track!","узима линк од песме која се пушта!"
"stop.description","","stop the music player and remove the queue","заустави музички плејер и уклони ред"
"volume.description","","see and change the volume of the player","види и промени јачину звука музичког плејера"
"getid.description","","get the id of a mentioned role, text channel, or user!","добиј ид од споменутог рола, текстуалног канала или корисника!"
"help.description","","get command help","добиј помоћ за команде"
"online.description","","see online/offline statistics about other users or see who's online!","види онлајн/офлајн статистике других корисника или види ко је онлајн!"
"ping.description","","get Ardent's ping","добиј Ардентов пинг"
"roleinfo.description","","view useful information about roles in this server","види корисне информације о роловима на овом серверу"
"serverinfo.description","","view basic information about this server","види основне информације о овом серверу"
"userinfo.description","","view cool information about your friends","види кул информације о својим пријатељима"
"userlog.description","","see a list of users' messages that Ardent has logged in channels that you and the user have access to","види листу корисникових порука коју је Ардент забележио у каналима у којима ти и корисник имате дозволу"
"accept.description","","accept an invitation to a game","прихвати позивницу за игру"
"cancel.description","","cancel a game in lobby","откажи игру у лобију"
"decline.description","","decline a pending game invite","одбиј захтев за игру у току"
"start.description","","manually start a game","ручно покрени игру"
"gameinvite.description","","invite people to your game!","позови људе на своје игре!"
"gamelist.description","","display all currently running games","прикажи све игре у току"
"join.description","","join a game in lobby","уђи у игру у лобију"
"leave.description","","leave a game you're currently queued for","напусти игру за коју си тренутно у реду"
"bet.description","","bet some money - will you be lucky?","прокоцкај нешто новца - да ли ћеш имати среће?"
"blackjack.description","","start a game of blackjack - inside Discord!","покрени игру блекџека - унутар Дискорда!"
"connect4.description","","play connect 4 - inside Discord!","играј конект 4 - на Дискорду!"
"slots.description","","start slots games!","почни слот игре!"
"tictactoe.description","","start a game of Tic Tac Toe - inside Discord!","почни игру тик-так-тоу-а - на Дискорду!"
"trivia.description","","start a game of trivia","почни игру тривије"
"adminrole.arguments.set","set the admin role, argument","set","set"
"adminrole.arguments.set.description","","set the Ardent admin role in your server","set the Ardent admin role in your server"
"adminrole.arguments.remove","","remove","remove"
"adminrole.arguments.remove.description","","removes the currently set role from being the admin role","removes the currently set role from being the admin role"
"adminrole.arguments.audit","","audit","audit"
"adminrole.arguments.audit.description","","see what's set as the admin role (and who has that role)","see what's set as the admin role (and who has that role)"
"trivia.arguments.solo","","solo","solo"
"trivia.arguments.solo.description","","start a solo trivia game","start a solo trivia game"
"trivia.arguments.multi","","multiplayer","multiplayer"
"trivia.arguments.multi.description","","start a multiplayer trivia game","start a multiplayer trivia game"
"top.arguments.server","","server","server"
"top.arguments.server.description","","compare the top earners in your server","compare the top earners in your server"
"top.arguments.all","","all","all"
"top.arguments.all.description","","compare the top earners out of all Ardent users!","compare the top earners out of all Ardent users!"
"profile.arguments.help","","help","help"
"profile.arguments.help.description","","see how to edit your profile","see how to edit your profile"
"online.arguments.stats","","stats","stats"
"online.arguments.stats.description","","see online/offline statistics about a member. if no user is mentioned, your own stats will be displayed","see online/offline statistics about a member. if no user is mentioned, your own stats will be displayed"
"online.arguments.server","","server","server"
"online.arguments.server.description","","see status statistics about members in this server. if /online server admins is specified, only their statistics will be shown, otherwise the server's will.","see status statistics about members in this server. if /online server admins is specified, only their statistics will be shown, otherwise the server's will."
"online.arguments.types","","types","types"
"online.arguments.types.description","","see the possible Discord statuses","see the possible Discord statuses"
"online.arguments.stats.readable","","stats @User ","stats @User "
"disablecommand.arguments.add","","add","add"
"disablecommand.arguments.add.readable","","add [command]","add [command]"
"disablecommand.arguments.add.description","","add a command to the disabled commands list","add a command to the disabled commands list"
"disablecommand.arguments.remove","","remove","remove"
"disablecommand.arguments.remove.readable","","remove [command]","remove [command]"
"disablecommand.arguments.remove.description","","remove a command from the disabled commands list","remove a command from the disabled commands list"
"disablecommand.arguments.list","","list","list"
"disablecommand.arguments.list.description","","list all the currently disabled commands in this server","list all the currently disabled commands in this server"
"mute.arguments.list","","list","list"
"mute.arguments.list.description","","list all current mutes","list all current mutes"
"mute.arguments.removerole","","removerole","removerole"
"mute.arguments.removerole.description","","remove the set mute role","remove the set mute role"
"mute.arguments.user.readable",""," @User time"," @User time"
"mute.arguments.user.description","","mention the user you want to mute and the time to mute for: Time modifiers: d (days), h (hours), m (minutes)","mention the user you want to mute and the time to mute for: Time modifiers: d (days), h (hours), m (minutes)"
"leavemessage.arguments.params","","params","params"
"leavemessage.arguments.params.description","","see what special parameters you can use in your leave message!","see what special parameters you can use in your leave message!"
"leavemessage.arguments.set","","set","set"
"leavemessage.arguments.set.readable","","set [message]","set [message]"
"leavemessage.arguments.set.description","","set the leave message.","set the leave message."
"leavemessage.arguments.removechannel","","remove channel","remove channel"
"leavemessage.arguments.removechannel.description","","remove the set leave message channel","remove the set leave message channel"
"leavemessage.arguments.view","","view","view"
"leavemessage.arguments.view.description","","view the current message parameters","view the current message parameters"
"leavemessage.arguments.remove","","remove message","remove message"
"leavemessage.arguments.remove.description","","remove the set leave message","remove the set leave message"
"leavemessage.arguments.channel","","channel","channel"
"leavemessage.arguments.channel.readable","","channel [mentioned channel or name]","channel [mentioned channel or name]"
"leavemessage.arguments.channel.description","","set the channel where you want leave messages to be sent","set the channel where you want leave messages to be sent"
"disablemodule.arguments.add","","add","add"
"disablemodule.arguments.add.readable","","add [module]","add [module]"
"disablemodule.arguments.add.description","","add a module to the disabled modules list","add a module to the disabled modules list"
"disablemodule.arguments.remove","","remove","remove"
"disablemodule.arguments.remove.readable","","remove [module]","remove [module]"
"disablemodule.arguments.remove.description","","remove a module from the disabled commands list","remove a module from the disabled commands list"
"disablemodule.arguments.list","","list","list"
"disablemodule.arguments.list.description","","list all the currently disabled modules in this server","list all the currently disabled modules in this server"
"defaultrole.arguments.view","","view","view"
"defaultrole.arguments.view.description","","view the currently-set default role and how many people have it","view the currently-set default role and how many people have it"
"defaultrole.arguments.set","","set","set"
"defaultrole.arguments.set.readable","","set [role name or mention]","set [role name or mention]"
"defaultrole.arguments.set.description","","set the default role for this server","set the default role for this server"
"defaultrole.arguments.remove","","remove","remove"
"defaultrole.arguments.remove.description","","remove the set default role","remove the set default role"
"prefix.arguments.add","","add","add"
"prefix.arguments.add.readable","","add [prefix name]","add [prefix name]"
"prefix.arguments.add.description","","add a new prefix for Ardent","add a new prefix for Ardent"
"prefix.arguments.remove","","remove","remove"
"prefix.arguments.remove.readable","","remove [existing prefix]","remove [existing prefix]"
"prefix.arguments.remove.description","","remove an existing prefix for Ardent","remove an existing prefix for Ardent"
"prefix.arguments.list","","list","list"
"prefix.arguments.list.description","","list all current Ardent prefixes for this server","list all current Ardent prefixes for this server"
"announce.arguments.params","","params","params"
"announce.arguments.params.description","","get a list of parameters you can use when creating announcements","get a list of parameters you can use when creating announcements"
"announce.arguments.create","","create","create"
"announce.arguments.create.description","","create a new announcement","create a new announcement"
"announce.arguments.edit","","edit","edit"
"announce.arguments.edit.readable","","edit [number]","edit [number]"
"announce.arguments.edit.description","","edit an existing announcement. number comes from /announce list","edit an existing announcement. number comes from /announce list"
"announce.arguments.remove","","remove","remove"
"announce.arguments.remove.readable","","remove [number]","remove [number]"
"announce.arguments.remove.description","","remove an existing announcement","remove an existing announcement"
"announce.arguments.list","","list","list"
"announce.arguments.list.description","","see a list of active announcements in this server","see a list of active announcements in this server"
"announce.arguments.info","","info","info"
"announce.arguments.info.readable","","info [number]","info [number]"
"announce.arguments.info.description","","view detailed information about a specific announcement","view detailed information about a specific announcement"
"announce.arguments.trigger","","trigger","trigger"
"announce.arguments.trigger.readable","","trigger [number]","trigger [number]"
"announce.arguments.trigger.description","","send the specified announcement now","send the specified announcement now"
"joinmessage.arguments.params","","params","params"
"joinmessage.arguments.params.description","","see what special parameters you can use in your join message!","see what special parameters you can use in your join message!"
"joinmessage.arguments.set","","set","set"
"joinmessage.arguments.set.readable","","set [message]","set [message]"
"joinmessage.arguments.set.description","","set the join message.","set the join message."
"joinmessage.arguments.removechannel","","remove channel","remove channel"
"joinmessage.arguments.removechannel.description","","remove the set join message channel","remove the set join message channel"
"joinmessage.arguments.view","","view","view"
"joinmessage.arguments.view.description","","view the current message parameters","view the current message parameters"
"joinmessage.arguments.remove","","remove message","remove message"
"joinmessage.arguments.remove.description","","remove the set join message","remove the set join message"
"joinmessage.arguments.channel","","channel","channel"
"joinmessage.arguments.channel.readable","","channel [mentioned channel or name]","channel [mentioned channel or name]"
"joinmessage.arguments.channel.description","","set the channel where you want join messages to be sent","set the channel where you want join messages to be sent"
"musiclibrary.arguments.view","","view","view"
"musiclibrary.arguments.view.description","","view your music library","view your music library"
"musiclibrary.arguments.play","","play","play"
"musiclibrary.arguments.play.description","","play tracks from your library","play tracks from your library"
"musiclibrary.arguments.add","","add","add"
"musiclibrary.arguments.add.readable","","add [song name or url]","add [song name or url]"
"musiclibrary.arguments.add.description","","add a song to your music library","add a song to your music library"
"musiclibrary.arguments.remove","","remove","remove"
"musiclibrary.arguments.remove.description","","remove songs from your library","remove songs from your library"
"musiclibrary.arguments.reset","","reset","reset"
"musiclibrary.arguments.reset.description","","remove all existing tracks in your music library (start from scratch)","remove all existing tracks in your music library (start from scratch)"
"musiclibrary.arguments.import","","import","import"
"musiclibrary.arguments.import.description","","import your Spotify song library","import your Spotify song library"
"playlist.arguments.play","","play","play"
"playlist.arguments.play.readable","","play [playlist id]","play [playlist id]"
"playlist.arguments.play.description","","start playback of a playlist","start playback of a playlist"
"playlist.arguments.list","","list","list"
"playlist.arguments.list.readable","","list @User","list @User"
"playlist.arguments.list.description","","list a user's playlists","list a user's playlists"
"playlist.arguments.view","","view","view"
"playlist.arguments.view.readable","","view [playlist id]","view [playlist id]"
"playlist.arguments.view.description","","get an overview of the specified playlist","get an overview of the specified playlist"
"playlist.arguments.delete","","delete","delete"
"playlist.arguments.delete.readable","","delete [playlist id]","delete [playlist id]"
"playlist.arguments.delete.description","","delete a playlist","delete a playlist"
"playlist.arguments.create","","create","create"
"playlist.arguments.create.description","","create a new playlist","create a new playlist"
"roll.flags.sides.accepted","","side count","side count"
"roll.flags.sides.description","","set the amount of sides the rolled die should have (default 6)","set the amount of sides the rolled die should have (default 6)"
"roll.flags.number.accepted","","# of times to roll","# of times to roll"
"roll.flags.number.description","","set how many times you'd like to roll the die","set how many times you'd like to roll the die"
"roll.flags.default.description","","use default settings (6-sided die, 1 roll)","use default settings (6-sided die, 1 roll)"
"random.flags.number.accepted","","number","number"
"random.flags.number.description","","select a random number between 1 and the specified number","select a random number between 1 and the specified number"
"random.flags.options.accepted","","**quote-separated list of options**. e.g. /random -options ""one"" ""two""","**quote-separated list of options**. e.g. /random -options ""one"" ""two"""
"random.flags.options.description","","select a random option given a list","select a random option given a list"
"online.flags.type.accepted","","status type","status type"
"online.flags.type.description","","specify a status to filter by - only available for /online server - view all types with /online types","specify a status to filter by - only available for /online server - view all types with /online types"
"online.flags.role.accepted","","role name","role name"
"online.flags.role.description","","filter by role - only available with /online server!","filter by role - only available with /online server!"
"mute.flags.reason.accepted","","mute reason","mute reason"
"mute.flags.reason.description","","optionally specify a reason for the mute","optionally specify a reason for the mute"
"clear.flags.user.accepted",""," @User"," @User"
"clear.flags.user.description","","clear messages from a specific user","clear messages from a specific user"
"clear.flags.number.accepted","","# of messages to delete (2-100)","# of messages to delete (2-100)"
"clear.flags.number.description","","specify an amount of messages to clear (default 10)","specify an amount of messages to clear (default 10)"
"clear.flags.channel.accepted","","channel mention (#channel)","channel mention (#channel)"
"clear.flags.channel.description","","clear messages in a specific channel","clear messages in a specific channel"
"clear.flags.default.description","","clear the last 10 messages in the current channel","clear the last 10 messages in the current channel"
